NC_000866.4_prot_NP_049742.1_129_unknown_Probable_chemotaxis_transducer	NC_000866.4_prot_NP_049742.1_129_unknown_Probable_chemotaxis_transducer
NC_000866.4_prot_NP_049743.1_130_unknown_Uncharacterized_protein_YfdY	NC_000866.4_prot_NP_049743.1_130_unknown_Uncharacterized_protein_YfdY
NC_000866.4_prot_NP_049744.1_131_unknown_Protein_kinase_superfamily_protein	NC_000866.4_prot_NP_049744.1_131_unknown_Protein_kinase_superfamily_protein
NC_000866.4_prot_NP_049748.1_135_unknown_Vesicle_transport_protein	NC_000866.4_prot_NP_049748.1_135_unknown_Vesicle_transport_protein
NC_000866.4_prot_NP_049749.1_136_known_internal_virion_protein	NC_000866.4_prot_NP_049749.1_136_known_internal_virion_protein
NC_000866.4_prot_NP_049750.1_137_known_RNA_ligase	NC_000866.4_prot_NP_049750.1_137_known_RNA_ligase
NC_000866.4_prot_NP_049751.1_138_known_tail_fiber_chaperone	NC_000866.4_prot_NP_049751.1_138_known_tail_fiber_chaperone
NC_000866.4_prot_NP_049752.1_139_known_deoxynucleoside_monophosphate_kinase	NC_000866.4_prot_NP_049752.1_139_known_deoxynucleoside_monophosphate_kinase
NC_000866.4_prot_NP_049754.1_141_known_DNA_end_protector	NC_000866.4_prot_NP_049754.1_141_known_DNA_end_protector
NC_000866.4_prot_NP_049755.1_142_known_head_closure	NC_000866.4_prot_NP_049755.1_142_known_head_closure
NC_000866.4_prot_NP_049756.1_143_known_baseplate_wedge_subunit	NC_000866.4_prot_NP_049756.1_143_known_baseplate_wedge_subunit
NC_000866.4_prot_NP_049757.1_144_known_baseplate_hub_subunit_and_tail_lysozyme	NC_000866.4_prot_NP_049757.1_144_known_baseplate_hub_subunit_and_tail_lysozyme
NC_000866.4_prot_NP_049758.1_145_known_replication_initiation_protein	NC_000866.4_prot_NP_049758.1_145_known_replication_initiation_protein
NC_000866.4_prot_NP_049759.1_146_known_replication_initiation_protein	NC_000866.4_prot_NP_049759.1_146_known_replication_initiation_protein
NC_000866.4_prot_NP_049761.1_148_known_homing_endonuclease	NC_000866.4_prot_NP_049761.1_148_known_homing_endonuclease
NC_000866.4_prot_NP_049762.1_149_unknown_Uncharacterized_mitochondrial_protein_RF1	NC_000866.4_prot_NP_049762.1_149_unknown_Uncharacterized_mitochondrial_protein_RF1
NC_000866.4_prot_NP_049763.1_150_known_PAAR_motif_of_membran_proteins	NC_000866.4_prot_NP_049763.1_150_known_PAAR_motif_of_membran_proteins
NC_000866.4_prot_NP_049764.1_151_known_baseplate_wedge_subunit	NC_000866.4_prot_NP_049764.1_151_known_baseplate_wedge_subunit
NC_000866.4_prot_NP_049765.1_152_known_baseplate_wedge_subunit	NC_000866.4_prot_NP_049765.1_152_known_baseplate_wedge_subunit
NC_000866.4_prot_NP_049766.1_153_known_baseplate_wedge_subunit	NC_000866.4_prot_NP_049766.1_153_known_baseplate_wedge_subunit
NC_000866.4_prot_NP_049767.1_154_known_baseplate_wedge_tail_fiber_protein_connector	NC_000866.4_prot_NP_049767.1_154_known_baseplate_wedge_tail_fiber_protein_connector
NC_000866.4_prot_NP_049768.1_155_known_baseplate_wedge_subunit	NC_000866.4_prot_NP_049768.1_155_known_baseplate_wedge_subunit
NC_000866.4_prot_NP_049769.1_156_known_baseplate_wedge_subunit	NC_000866.4_prot_NP_049769.1_156_known_baseplate_wedge_subunit
NC_000866.4_prot_NP_049770.1_157_known_tail_collar_fiber_protein	NC_000866.4_prot_NP_049770.1_157_known_tail_collar_fiber_protein
NC_000866.4_prot_NP_049771.1_158_known_fibritin_neck_whisker	NC_000866.4_prot_NP_049771.1_158_known_fibritin_neck_whisker
NC_000866.4_prot_NP_049772.1_159_known_head-tail_adaptor_Ad2	NC_000866.4_prot_NP_049772.1_159_known_head-tail_adaptor_Ad2
NC_000866.4_prot_NP_049773.1_160_known_head_closure_Hc2	NC_000866.4_prot_NP_049773.1_160_known_head_closure_Hc2
NC_000866.4_prot_NP_049774.1_161_known_tail_sheath_stabilizer	NC_000866.4_prot_NP_049774.1_161_known_tail_sheath_stabilizer
NC_000866.4_prot_NP_049775.1_162_known_terminase_small_subunit	NC_000866.4_prot_NP_049775.1_162_known_terminase_small_subunit
NC_000866.4_prot_NP_049778.1_165_known_terminase_large_subunit	NC_000866.4_prot_NP_049778.1_165_known_terminase_large_subunit
NC_000866.4_prot_NP_049780.1_167_known_tail_sheath	NC_000866.4_prot_NP_049780.1_167_known_tail_sheath
NC_000866.4_prot_NP_049781.1_168_known_tail_protein	NC_000866.4_prot_NP_049781.1_168_known_tail_protein
NC_000866.4_prot_NP_049781.1_168_known_tail_protein	NC_000866.4_prot_NP_049753.1_140_known_tail_protein
NC_000866.4_prot_NP_049782.1_169_known_portal_protein	NC_000866.4_prot_NP_049782.1_169_known_portal_protein
NC_000866.4_prot_NP_049783.1_170_known_prohead	NC_000866.4_prot_NP_049783.1_170_known_prohead
NC_000866.4_prot_NP_049784.1_171_known_head_scaffolding_protein	NC_000866.4_prot_NP_049784.1_171_known_head_scaffolding_protein
NC_000866.4_prot_NP_049786.1_174_known_head_scaffolding_protein	NC_000866.4_prot_NP_049786.1_174_known_head_scaffolding_protein
NC_000866.4_prot_NP_049787.1_175_known_major_head_protein	NC_000866.4_prot_NP_049787.1_175_known_major_head_protein
NC_000866.4_prot_NP_049789.1_177_known_capsid_vertex_protein	NC_000866.4_prot_NP_049789.1_177_known_capsid_vertex_protein
NC_000866.4_prot_NP_049790.1_178_known_RNA_ligase	NC_000866.4_prot_NP_049790.1_178_known_RNA_ligase
NC_000866.4_prot_NP_049791.1_179_unknown_BTB_domain-containing_protein	NC_000866.4_prot_NP_049791.1_179_unknown_BTB_domain-containing_protein
NC_000866.4_prot_NP_049792.1_180_unknown_Transcriptional_regulator	NC_000866.4_prot_NP_049792.1_180_unknown_Transcriptional_regulator
NC_000866.4_prot_NP_049793.1_181_known_Hoc-like_head_decoration	NC_000866.4_prot_NP_049793.1_181_known_Hoc-like_head_decoration
NC_000866.4_prot_NP_049794.1_182_known_minor_head_protein_inhibitor_of_protease	NC_000866.4_prot_NP_049794.1_182_known_minor_head_protein_inhibitor_of_protease
NC_000866.4_prot_NP_049796.1_184_known_DNA_helicase	NC_000866.4_prot_NP_049796.1_184_known_DNA_helicase
NC_000866.4_prot_NP_049797.1_185_unknown_Cysteine-rich_protein_3	NC_000866.4_prot_NP_049797.1_185_unknown_Cysteine-rich_protein_3
NC_000866.4_prot_NP_049799.2_187_known_UvsY-like_recombination_mediator	NC_000866.4_prot_NP_049799.2_187_known_UvsY-like_recombination_mediator
NC_000866.4_prot_NP_049800.1_188_known_baseplate_wedge_subunit	NC_000866.4_prot_NP_049800.1_188_known_baseplate_wedge_subunit
NC_000866.4_prot_NP_049802.1_191_known_baseplate_hub_assembly_protein	NC_000866.4_prot_NP_049802.1_191_known_baseplate_hub_assembly_protein
NC_000866.4_prot_NP_049803.1_192_known_baseplate_hub	NC_000866.4_prot_NP_049803.1_192_known_baseplate_hub
NC_000866.4_prot_NP_049804.2_193_known_baseplate_hub_distal_subunit	NC_000866.4_prot_NP_049804.2_193_known_baseplate_hub_distal_subunit
NC_000866.4_prot_NP_049804.2_193_known_baseplate_hub_distal_subunit	NC_000866.4_prot_NP_049801.1_189_known_baseplate_hub
NC_000866.4_prot_NP_049805.1_194_known_baseplate_hub_subunit_and_tail_length	NC_000866.4_prot_NP_049805.1_194_known_baseplate_hub_subunit_and_tail_length
NC_000866.4_prot_NP_049806.1_195_known_baseplate_tail_tube_cap	NC_000866.4_prot_NP_049806.1_195_known_baseplate_tail_tube_cap
NC_000866.4_prot_NP_049807.1_196_known_tail_tube	NC_000866.4_prot_NP_049807.1_196_known_tail_tube
NC_000866.4_prot_NP_049808.1_197_unknown_Uncharacterized_protein_At2g06570	NC_000866.4_prot_NP_049808.1_197_unknown_Uncharacterized_protein_At2g06570
NC_000866.4_prot_NP_049810.1_199_unknown_Uncharacterized_protein	NC_000866.4_prot_NP_049810.1_199_unknown_Uncharacterized_protein
NC_000866.4_prot_NP_049811.1_200_known_Alt-like_RNA_polymerase_ADP-ribosyltransferase	NC_000866.4_prot_NP_049811.1_200_known_Alt-like_RNA_polymerase_ADP-ribosyltransferase
NC_000866.4_prot_NP_049812.1_201_unknown_Ly6-C_antigen	NC_000866.4_prot_NP_049812.1_201_unknown_Ly6-C_antigen
NC_000866.4_prot_NP_049813.1_202_known_DNA_ligase	NC_000866.4_prot_NP_049813.1_202_known_DNA_ligase
NC_000866.4_prot_NP_049814.1_203_known_DUF3045_domain-containing_protein	NC_000866.4_prot_NP_049814.1_203_known_DUF3045_domain-containing_protein
NC_000866.4_prot_NP_049815.1_204_unknown_Haloacid_dehalogenase-like_hydrolase_(HAD)_superfamily_protein	NC_000866.4_prot_NP_049815.1_204_unknown_Haloacid_dehalogenase-like_hydrolase_(HAD)_superfamily_protein
NC_000866.4_prot_NP_049816.1_205_unknown_N-glycosidase_YbiA	NC_000866.4_prot_NP_049816.1_205_unknown_N-glycosidase_YbiA
NC_000866.4_prot_NP_049817.1_206_unknown_Replication_factor_C_small_subunit	NC_000866.4_prot_NP_049817.1_206_unknown_Replication_factor_C_small_subunit
NC_000866.4_prot_NP_049818.1_207_unknown_DUF4288_domain-containing_protein	NC_000866.4_prot_NP_049818.1_207_unknown_DUF4288_domain-containing_protein
NC_000866.4_prot_NP_049819.1_208_unknown_Transcription_elongation_factor_SPT5	NC_000866.4_prot_NP_049819.1_208_unknown_Transcription_elongation_factor_SPT5
NC_000866.4_prot_NP_049824.1_213_known_lysis_inhibition;_accessory_protein	NC_000866.4_prot_NP_049824.1_213_known_lysis_inhibition;_accessory_protein
NC_000866.4_prot_NP_049825.1_214_known_head_morphogenesis	NC_000866.4_prot_NP_049825.1_214_known_head_morphogenesis
NC_000866.4_prot_NP_049826.1_215_known_SH3_beta-barrel_fold-containing_protein	NC_000866.4_prot_NP_049826.1_215_known_SH3_beta-barrel_fold-containing_protein
NC_000866.4_prot_NP_049827.1_216_unknown_At2g15020	NC_000866.4_prot_NP_049827.1_216_unknown_At2g15020
NC_000866.4_prot_NP_049828.1_217_known_dCMP_deaminase	NC_000866.4_prot_NP_049828.1_217_known_dCMP_deaminase
NC_000866.4_prot_NP_049830.1_219_unknown_Os06g0303501_protein	NC_000866.4_prot_NP_049830.1_219_unknown_Os06g0303501_protein
NC_000866.4_prot_NP_049831.1_220_unknown_None	NC_000866.4_prot_NP_049831.1_220_unknown_None
NC_000866.4_prot_NP_049832.1_221_unknown_Mitochondrial_DNA_polymerase_I_protein_B,_putative	NC_000866.4_prot_NP_049832.1_221_unknown_Mitochondrial_DNA_polymerase_I_protein_B,_putative
NC_000866.4_prot_NP_049833.1_222_unknown_Protein_TIC_22,_chloroplastic	NC_000866.4_prot_NP_049833.1_222_unknown_Protein_TIC_22,_chloroplastic
NC_000866.4_prot_NP_049834.1_223_known_polynucleotide_kinase	NC_000866.4_prot_NP_049834.1_223_known_polynucleotide_kinase
NC_000866.4_prot_NP_049836.2_225_known_Rz-like_spanin	NC_000866.4_prot_NP_049836.2_225_known_Rz-like_spanin
NC_000866.4_prot_NP_049837.1_226_known_Rz-like_spanin	NC_000866.4_prot_NP_049837.1_226_known_Rz-like_spanin
NC_000866.4_prot_NP_049838.1_227_known_inhibitor_of_host_transcription	NC_000866.4_prot_NP_049838.1_227_known_inhibitor_of_host_transcription
NC_000866.4_prot_NP_049839.1_228_known_RNA_ligase_and_tail_fiber_protein_attachment_catalyst	NC_000866.4_prot_NP_049839.1_228_known_RNA_ligase_and_tail_fiber_protein_attachment_catalyst
NC_000866.4_prot_NP_049840.1_229_known_endonuclease	NC_000866.4_prot_NP_049840.1_229_known_endonuclease
NC_000866.4_prot_NP_049841.1_230_known_ribonucleotide_reductase_class_Ia_beta_subunit	NC_000866.4_prot_NP_049841.1_230_known_ribonucleotide_reductase_class_Ia_beta_subunit
NC_000866.4_prot_NP_049842.1_231_known_endonuclease	NC_000866.4_prot_NP_049842.1_231_known_endonuclease
NC_000866.4_prot_NP_049844.1_233_known_homing_endonuclease	NC_000866.4_prot_NP_049844.1_233_known_homing_endonuclease
NC_000866.4_prot_NP_049845.1_234_known_NrdA-like_aerobic_NDP_reductase_large_subunit	NC_000866.4_prot_NP_049845.1_234_known_NrdA-like_aerobic_NDP_reductase_large_subunit
NC_000866.4_prot_NP_049846.1_235_unknown_DUF4326_domain-containing_protein	NC_000866.4_prot_NP_049846.1_235_unknown_DUF4326_domain-containing_protein
NC_000866.4_prot_NP_049847.1_236_unknown_DEAD-DEAH_box_helicase	NC_000866.4_prot_NP_049847.1_236_unknown_DEAD-DEAH_box_helicase
NC_000866.4_prot_NP_049850.1_239_known_dihydrofolate_reductase	NC_000866.4_prot_NP_049850.1_239_known_dihydrofolate_reductase
NC_000866.4_prot_NP_049851.1_240_known_DUF5417_domain-containing_protein	NC_000866.4_prot_NP_049851.1_240_known_DUF5417_domain-containing_protein
NC_000866.4_prot_NP_049853.1_242_unknown_Putative_elongation_factor	NC_000866.4_prot_NP_049853.1_242_unknown_Putative_elongation_factor
NC_000866.4_prot_NP_049854.1_243_known_single_strand_DNA_binding_protein	NC_000866.4_prot_NP_049854.1_243_known_single_strand_DNA_binding_protein
NC_000866.4_prot_NP_049855.1_244_known_homing_endonuclease	NC_000866.4_prot_NP_049855.1_244_known_homing_endonuclease
NC_000866.4_prot_NP_049855.1_244_known_homing_endonuclease	NC_000866.4_prot_NP_049745.2_132_known_homing_endonuclease
NC_000866.4_prot_NP_049855.1_244_known_homing_endonuclease	NC_000866.4_prot_NP_049691.2_77_known_I-TevII_homing_endonuclease
NC_000866.4_prot_NP_049855.1_244_known_homing_endonuclease	NC_000866.4_prot_NP_049788.2_176_known_homing_endonuclease
NC_000866.4_prot_NP_049855.1_244_known_homing_endonuclease	NC_000866.4_prot_NP_049795.1_183_known_homing_endonuclease
NC_000866.4_prot_NP_049855.1_244_known_homing_endonuclease	NC_000866.4_prot_NP_049849.3_238_known_homing_endonuclease
NC_000866.4_prot_NP_049855.1_244_known_homing_endonuclease	NC_000866.4_prot_NP_049657.1_42_known_homing_endonuclease
NC_000866.4_prot_NP_049855.1_244_known_homing_endonuclease	NC_000866.4_prot_NP_049645.1_30_known_SegF_homing_endonuclease
NC_000866.4_prot_NP_049856.1_245_known_DNA_helicase_loader	NC_000866.4_prot_NP_049856.1_245_known_DNA_helicase_loader
NC_000866.4_prot_NP_049857.1_246_known_late_promoter_transcriptional_regulator	NC_000866.4_prot_NP_049857.1_246_known_late_promoter_transcriptional_regulator
NC_000866.4_prot_NP_049616.1_1_known_RIIA_lysis_inhibitor	NC_000866.4_prot_NP_049616.1_1_known_RIIA_lysis_inhibitor
NC_000866.4_prot_NP_049617.1_2_unknown_Uncharacterized_protein_YfcL	NC_000866.4_prot_NP_049617.1_2_unknown_Uncharacterized_protein_YfcL
NC_000866.4_prot_NP_049618.1_3_known_DNA_topoisomerase_II	NC_000866.4_prot_NP_049618.1_3_known_DNA_topoisomerase_II
NC_000866.4_prot_NP_049620.1_5_known_homing_endonuclease	NC_000866.4_prot_NP_049620.1_5_known_homing_endonuclease
NC_000866.4_prot_NP_049621.1_6_known_DNA_topoisomerase_II_large_subunit	NC_000866.4_prot_NP_049621.1_6_known_DNA_topoisomerase_II_large_subunit
NC_000866.4_prot_NP_049622.1_7_unknown_Nuclear_receptor_binding_protein	NC_000866.4_prot_NP_049622.1_7_unknown_Nuclear_receptor_binding_protein
NC_000866.4_prot_NP_049623.1_8_known_FmdB-like_transcriptional_regulator	NC_000866.4_prot_NP_049623.1_8_known_FmdB-like_transcriptional_regulator
NC_000866.4_prot_NP_049625.1_10_known_cef_modifier_of_supressor_tRNAs	NC_000866.4_prot_NP_049625.1_10_known_cef_modifier_of_supressor_tRNAs
NC_000866.4_prot_NP_049626.1_11_known_MotB-like_transcriptional_regulator	NC_000866.4_prot_NP_049626.1_11_known_MotB-like_transcriptional_regulator
NC_000866.4_prot_NP_049629.1_14_known_exonuclease	NC_000866.4_prot_NP_049629.1_14_known_exonuclease
NC_000866.4_prot_NP_049630.1_15_unknown_WRB-Get1_family_protein	NC_000866.4_prot_NP_049630.1_15_unknown_WRB-Get1_family_protein
NC_000866.4_prot_NP_049630.1_15_unknown_WRB-Get1_family_protein	NC_000866.4_prot_NP_049631.1_16_known_dextranase
NC_000866.4_prot_NP_049632.1_17_known_Dda-like_helicase	NC_000866.4_prot_NP_049632.1_17_known_Dda-like_helicase
NC_000866.4_prot_NP_049634.1_19_known_Srd_anti-sigma_factor	NC_000866.4_prot_NP_049634.1_19_known_Srd_anti-sigma_factor
NC_000866.4_prot_NP_049635.1_20_known_RNA_polymerase_ADP-ribosylase	NC_000866.4_prot_NP_049635.1_20_known_RNA_polymerase_ADP-ribosylase
NC_000866.4_prot_NP_049635.1_20_known_RNA_polymerase_ADP-ribosylase	NC_000866.4_prot_NP_049636.1_21_known_RNA_polymerase_ADP-ribosylase
NC_000866.4_prot_NP_049637.1_22_unknown_Secretagogin	NC_000866.4_prot_NP_049637.1_22_unknown_Secretagogin
NC_000866.4_prot_NP_049638.1_23_known_Mrh_transcription_modulator_under_heat_shock	NC_000866.4_prot_NP_049638.1_23_known_Mrh_transcription_modulator_under_heat_shock
NC_000866.4_prot_NP_049638.1_23_known_Mrh_transcription_modulator_under_heat_shock	NC_000866.4_prot_NP_049641.1_26_known_Mrh_transcription_modulator_under_heat_shock
NC_000866.4_prot_NP_049640.1_25_known_decoy_of_host_sigma32	NC_000866.4_prot_NP_049640.1_25_known_decoy_of_host_sigma32
NC_000866.4_prot_NP_049643.1_28_unknown_Cystatin_domain-containing_protein	NC_000866.4_prot_NP_049643.1_28_unknown_Cystatin_domain-containing_protein
NC_000866.4_prot_NP_049644.1_29_known_virion_structural_protein	NC_000866.4_prot_NP_049644.1_29_known_virion_structural_protein
NC_000866.4_prot_NP_049646.1_31_known_dUTPase	NC_000866.4_prot_NP_049646.1_31_known_dUTPase
NC_000866.4_prot_NP_049647.1_32_known_Dam_family_site-specific_DNA-(adenine-N6)-methyltransferase	NC_000866.4_prot_NP_049647.1_32_known_Dam_family_site-specific_DNA-(adenine-N6)-methyltransferase
NC_000866.4_prot_NP_049648.1_33_known_DNA_primase	NC_000866.4_prot_NP_049648.1_33_known_DNA_primase
NC_000866.4_prot_NP_049651.1_36_known_spackle_periplasmic	NC_000866.4_prot_NP_049651.1_36_known_spackle_periplasmic
NC_000866.4_prot_NP_049652.1_37_unknown_Conserved_protein_TB18.5	NC_000866.4_prot_NP_049652.1_37_unknown_Conserved_protein_TB18.5
NC_000866.4_prot_NP_049653.1_38_known_Dmd_discriminator_of_mRNA_degradation	NC_000866.4_prot_NP_049653.1_38_known_Dmd_discriminator_of_mRNA_degradation
NC_000866.4_prot_NP_049654.1_39_known_AAA_family_ATPase	NC_000866.4_prot_NP_049654.1_39_known_AAA_family_ATPase
NC_000866.4_prot_NP_049655.1_40_known_head_vertex_assembly_chaperone	NC_000866.4_prot_NP_049655.1_40_known_head_vertex_assembly_chaperone
NC_000866.4_prot_NP_049656.2_41_known_recombinase	NC_000866.4_prot_NP_049656.2_41_known_recombinase
NC_000866.4_prot_NP_049658.1_43_known_beta-glucosyltransferase	NC_000866.4_prot_NP_049658.1_43_known_beta-glucosyltransferase
NC_000866.4_prot_NP_049658.1_43_known_beta-glucosyltransferase	NC_000866.4_prot_NP_049673.1_59_known_alpha-glucosyltransferase
NC_000866.4_prot_NP_049659.1_44_known_thymidylate_synthase	NC_000866.4_prot_NP_049659.1_44_known_thymidylate_synthase
NC_000866.4_prot_NP_049659.1_44_known_thymidylate_synthase	NC_000866.4_prot_NP_049848.1_237_known_thymidylate_synthase
NC_000866.4_prot_NP_049660.1_45_known_immunity_to_superinfection	NC_000866.4_prot_NP_049660.1_45_known_immunity_to_superinfection
NC_000866.4_prot_NP_049661.1_46_known_iduronate_sulfatase	NC_000866.4_prot_NP_049661.1_46_known_iduronate_sulfatase
NC_000866.4_prot_NP_049662.1_47_known_DNA_polymerase	NC_000866.4_prot_NP_049662.1_47_known_DNA_polymerase
NC_000866.4_prot_NP_049663.1_48_known_translation_repressor	NC_000866.4_prot_NP_049663.1_48_known_translation_repressor
NC_000866.4_prot_NP_049664.1_49_known_clamp_loader_of_DNA_polymerase	NC_000866.4_prot_NP_049664.1_49_known_clamp_loader_of_DNA_polymerase
NC_000866.4_prot_NP_049665.1_50_known_clamp_loader_of_DNA_polymerase	NC_000866.4_prot_NP_049665.1_50_known_clamp_loader_of_DNA_polymerase
NC_000866.4_prot_NP_049666.1_51_known_DNA_polymerase_processivity_factor	NC_000866.4_prot_NP_049666.1_51_known_DNA_polymerase_processivity_factor
NC_000866.4_prot_NP_049667.1_52_known_RNA_polymerase_binding	NC_000866.4_prot_NP_049667.1_52_known_RNA_polymerase_binding
NC_000866.4_prot_NP_049668.1_53_known_protein_GP45.2	NC_000866.4_prot_NP_049668.1_53_known_protein_GP45.2
NC_000866.4_prot_NP_049669.1_54_known_SbcC-like_subunit_of_palindrome_specific_endonuclease	NC_000866.4_prot_NP_049669.1_54_known_SbcC-like_subunit_of_palindrome_specific_endonuclease
NC_000866.4_prot_NP_049670.1_55_known_DUF5487_family_protein	NC_000866.4_prot_NP_049670.1_55_known_DUF5487_family_protein
NC_000866.4_prot_NP_049671.1_56_unknown_Purpurin	NC_000866.4_prot_NP_049671.1_56_unknown_Purpurin
NC_000866.4_prot_NP_049672.1_57_known_SbcD-like_subunit_of_palindrome_specific_endonuclease	NC_000866.4_prot_NP_049672.1_57_known_SbcD-like_subunit_of_palindrome_specific_endonuclease
NC_000866.4_prot_NP_049674.1_60_known_homing_endonuclease	NC_000866.4_prot_NP_049674.1_60_known_homing_endonuclease
NC_000866.4_prot_NP_049676.1_62_unknown_Manganese_transport_regulator	NC_000866.4_prot_NP_049676.1_62_unknown_Manganese_transport_regulator
NC_000866.4_prot_NP_049677.1_63_known_a-gt.4_family_protein	NC_000866.4_prot_NP_049677.1_63_known_a-gt.4_family_protein
NC_000866.4_prot_NP_049678.1_64_unknown_Uncharacterized_protein	NC_000866.4_prot_NP_049678.1_64_unknown_Uncharacterized_protein
NC_000866.4_prot_NP_049679.1_65_known_RNA_polymerase_sigma_factor	NC_000866.4_prot_NP_049679.1_65_known_RNA_polymerase_sigma_factor
NC_000866.4_prot_NP_049680.1_66_unknown_PRELI-MSF1_domain-containing_protein	NC_000866.4_prot_NP_049680.1_66_unknown_PRELI-MSF1_domain-containing_protein
NC_000866.4_prot_NP_049681.1_67_unknown_Alcohol_dehydrogenase_transcription_factor_myb-sant-like_protein	NC_000866.4_prot_NP_049681.1_67_unknown_Alcohol_dehydrogenase_transcription_factor_myb-sant-like_protein
NC_000866.4_prot_NP_049684.1_70_known_gp55.5_conserved_protein_of_unknown_function	NC_000866.4_prot_NP_049684.1_70_known_gp55.5_conserved_protein_of_unknown_function
NC_000866.4_prot_NP_049685.1_71_unknown_Uncharacterized_protein_MJ1650	NC_000866.4_prot_NP_049685.1_71_unknown_Uncharacterized_protein_MJ1650
NC_000866.4_prot_NP_049688.1_74_known_anaerobic_ribonucleotide_reductase_small_subunit	NC_000866.4_prot_NP_049688.1_74_known_anaerobic_ribonucleotide_reductase_small_subunit
NC_000866.4_prot_NP_049689.1_75_known_homing_endonuclease	NC_000866.4_prot_NP_049689.1_75_known_homing_endonuclease
NC_000866.4_prot_NP_049690.1_76_known_anaerobic_ribonucleoside_reductase_large_subunit	NC_000866.4_prot_NP_049690.1_76_known_anaerobic_ribonucleoside_reductase_large_subunit
NC_000866.4_prot_NP_049692.1_78_known_endonuclease_VII	NC_000866.4_prot_NP_049692.1_78_known_endonuclease_VII
NC_000866.4_prot_NP_049693.2_79_known_endonuclease_VII	NC_000866.4_prot_NP_049693.2_79_known_endonuclease_VII
NC_000866.4_prot_NP_049694.1_80_known_inhibitor_of_host_Lon_protease	NC_000866.4_prot_NP_049694.1_80_known_inhibitor_of_host_Lon_protease
NC_000866.4_prot_NP_049695.1_81_known_gp49.1_conserved_protein_of_unknown_function	NC_000866.4_prot_NP_049695.1_81_known_gp49.1_conserved_protein_of_unknown_function
NC_000866.4_prot_NP_049696.1_82_known_ribonucleotide_reductase	NC_000866.4_prot_NP_049696.1_82_known_ribonucleotide_reductase
NC_000866.4_prot_NP_049698.1_84_known_NrdC_thioredoxin	NC_000866.4_prot_NP_049698.1_84_known_NrdC_thioredoxin
NC_000866.4_prot_NP_049698.1_84_known_NrdC_thioredoxin	NC_000866.4_prot_NP_049686.1_72_known_NrdH_glutaredoxin
NC_000866.4_prot_NP_049699.1_85_unknown_Uncharacterized_protein	NC_000866.4_prot_NP_049699.1_85_unknown_Uncharacterized_protein
NC_000866.4_prot_NP_049705.1_91_unknown_DNA_helicase	NC_000866.4_prot_NP_049705.1_91_unknown_DNA_helicase
NC_000866.4_prot_NP_049706.1_92_unknown_Ankyrin-3	NC_000866.4_prot_NP_049706.1_92_unknown_Ankyrin-3
NC_000866.4_prot_NP_049707.1_93_unknown_Protein_SHOOT_GRAVITROPISM_5	NC_000866.4_prot_NP_049707.1_93_unknown_Protein_SHOOT_GRAVITROPISM_5
NC_000866.4_prot_NP_049708.1_94_unknown_Sigma_N_(Sigma_54)-dependent_regulator_of_rtcBA_expression	NC_000866.4_prot_NP_049708.1_94_unknown_Sigma_N_(Sigma_54)-dependent_regulator_of_rtcBA_expression
NC_000866.4_prot_NP_049709.1_95_known_nucleotidyltransferase	NC_000866.4_prot_NP_049709.1_95_known_nucleotidyltransferase
NC_000866.4_prot_NP_049710.1_96_known_homing_endonuclease	NC_000866.4_prot_NP_049710.1_96_known_homing_endonuclease
NC_000866.4_prot_NP_049714.1_101_known_molybdopterin-guanine_dinucleotide_biosynthesis_protein_MobD	NC_000866.4_prot_NP_049714.1_101_known_molybdopterin-guanine_dinucleotide_biosynthesis_protein_MobD
NC_000866.4_prot_NP_049715.1_102_unknown_ATP-dependent_Clp_protease_adapter_protein_ClpS	NC_000866.4_prot_NP_049715.1_102_unknown_ATP-dependent_Clp_protease_adapter_protein_ClpS
NC_000866.4_prot_NP_049716.1_103_known_starvation-inducible_transcriptional_regulator	NC_000866.4_prot_NP_049716.1_103_known_starvation-inducible_transcriptional_regulator
NC_000866.4_prot_NP_049717.1_104_known_lysis_inhibition	NC_000866.4_prot_NP_049717.1_104_known_lysis_inhibition
NC_000866.4_prot_NP_049718.1_105_unknown_TIR-NBS-LRR_type_disease_resistance_protein	NC_000866.4_prot_NP_049718.1_105_unknown_TIR-NBS-LRR_type_disease_resistance_protein
NC_000866.4_prot_NP_049719.1_106_known_thymidine_kinase	NC_000866.4_prot_NP_049719.1_106_known_thymidine_kinase
NC_000866.4_prot_NP_049721.1_108_unknown_Mediator_of_RNA_polymerase_II_transcription_subunit_8	NC_000866.4_prot_NP_049721.1_108_unknown_Mediator_of_RNA_polymerase_II_transcription_subunit_8
NC_000866.4_prot_NP_049721.1_108_unknown_Mediator_of_RNA_polymerase_II_transcription_subunit_8	NC_000866.4_prot_NP_049713.1_100_unknown_Transcriptional_repressor_FrmR
NC_000866.4_prot_NP_049721.1_108_unknown_Mediator_of_RNA_polymerase_II_transcription_subunit_8	NC_000866.4_prot_NP_049720.1_107_unknown_GTPase_IMAP_family_member_9
NC_000866.4_prot_NP_049721.1_108_unknown_Mediator_of_RNA_polymerase_II_transcription_subunit_8	NC_000866.4_prot_NP_049835.1_224_unknown_Diacylglycerol_kinase,_putative
NC_000866.4_prot_NP_049722.1_109_unknown_Protein_HAPLESS_2-B	NC_000866.4_prot_NP_049722.1_109_unknown_Protein_HAPLESS_2-B
NC_000866.4_prot_NP_049723.1_110_known_phosphatase	NC_000866.4_prot_NP_049723.1_110_known_phosphatase
NC_000866.4_prot_NP_049724.1_111_known_valyl_tRNA_synthetase_modifier	NC_000866.4_prot_NP_049724.1_111_known_valyl_tRNA_synthetase_modifier
NC_000866.4_prot_NP_049725.1_112_unknown_Invasion_protein_IagB	NC_000866.4_prot_NP_049725.1_112_unknown_Invasion_protein_IagB
NC_000866.4_prot_NP_049726.1_113_known_endoribonuclease	NC_000866.4_prot_NP_049726.1_113_known_endoribonuclease
NC_000866.4_prot_NP_049727.1_114_unknown_Ferritin	NC_000866.4_prot_NP_049727.1_114_unknown_Ferritin
NC_000866.4_prot_NP_049728.1_115_unknown_Antitoxin	NC_000866.4_prot_NP_049728.1_115_unknown_Antitoxin
NC_000866.4_prot_NP_049730.1_117_known_autonomous_glycyl_radical_cofactor_GrcA	NC_000866.4_prot_NP_049730.1_117_known_autonomous_glycyl_radical_cofactor_GrcA
NC_000866.4_prot_NP_049733.1_120_known_endonuclease_V_N-glycosylase_UV_repair_enzyme	NC_000866.4_prot_NP_049733.1_120_known_endonuclease_V_N-glycosylase_UV_repair_enzyme
NC_000866.4_prot_NP_049734.1_121_known_internal_virion_protein	NC_000866.4_prot_NP_049734.1_121_known_internal_virion_protein
NC_000866.4_prot_NP_049735.1_122_known_internal_virion_protein	NC_000866.4_prot_NP_049735.1_122_known_internal_virion_protein
NC_000866.4_prot_NP_049736.1_123_known_glycoside_hydrolase_family_protein	NC_000866.4_prot_NP_049736.1_123_known_glycoside_hydrolase_family_protein
NC_000866.4_prot_NP_049737.1_124_known_nudix_hydrolase	NC_000866.4_prot_NP_049737.1_124_known_nudix_hydrolase
NC_000866.4_prot_NP_049739.1_126_unknown_G-protein_coupled_receptor,putative	NC_000866.4_prot_NP_049739.1_126_unknown_G-protein_coupled_receptor,putative
NC_000866.4_prot_NP_049739.1_126_unknown_G-protein_coupled_receptor,putative	NC_000866.4_prot_NP_049740.1_127_unknown_None
NC_000866.4_prot_NP_049858.1_247_known_transcriptional_regulator	NC_000866.4_prot_NP_049858.1_247_known_transcriptional_regulator
NC_000866.4_prot_NP_049859.1_248_known_RnaseH	NC_000866.4_prot_NP_049859.1_248_known_RnaseH
NC_000866.4_prot_NP_049860.1_249_known_tail_fiber_protein_proximal_subunit	NC_000866.4_prot_NP_049860.1_249_known_tail_fiber_protein_proximal_subunit
NC_000866.4_prot_NP_049861.1_250_known_long_tail_fiber_protein_proximal_connector	NC_000866.4_prot_NP_049861.1_250_known_long_tail_fiber_protein_proximal_connector
NC_000866.4_prot_NP_049862.1_251_known_hinge_connector_of_long_tail_fiber_protein_distal_connector	NC_000866.4_prot_NP_049862.1_251_known_hinge_connector_of_long_tail_fiber_protein_distal_connector
NC_000866.4_prot_NP_049863.1_252_known_long_tail_fiber_protein_distal_subunit	NC_000866.4_prot_NP_049863.1_252_known_long_tail_fiber_protein_distal_subunit
NC_000866.4_prot_NP_049864.1_253_known_tail_fiber_assembly	NC_000866.4_prot_NP_049864.1_253_known_tail_fiber_assembly
NC_000866.4_prot_NP_049865.1_254_known_holin	NC_000866.4_prot_NP_049865.1_254_known_holin
NC_000866.4_prot_NP_049866.1_255_known_anti-sigma_factor	NC_000866.4_prot_NP_049866.1_255_known_anti-sigma_factor
NC_000866.4_prot_NP_049868.1_257_known_inhibitor_of_MrcBC_restriction	NC_000866.4_prot_NP_049868.1_257_known_inhibitor_of_MrcBC_restriction
NC_000866.4_prot_NP_049869.1_258_unknown_Uncharacterized_protein	NC_000866.4_prot_NP_049869.1_258_unknown_Uncharacterized_protein
NC_000866.4_prot_NP_049870.1_259_unknown_Uncharacterized_protein	NC_000866.4_prot_NP_049870.1_259_unknown_Uncharacterized_protein
NC_000866.4_prot_NP_049873.1_262_known_MotA-like_activator_of_middle_period_transcription	NC_000866.4_prot_NP_049873.1_262_known_MotA-like_activator_of_middle_period_transcription
NC_000866.4_prot_NP_049875.1_264_known_DNA_topoisomerase_II	NC_000866.4_prot_NP_049875.1_264_known_DNA_topoisomerase_II
NC_000866.4_prot_NP_049877.1_266_known_Ac_acridine_resistance_protein	NC_000866.4_prot_NP_049877.1_266_known_Ac_acridine_resistance_protein
NC_000866.4_prot_NP_049878.1_267_known_activator_of_host_PrrC_lysyl-tRNA_endonuclease	NC_000866.4_prot_NP_049878.1_267_known_activator_of_host_PrrC_lysyl-tRNA_endonuclease
NC_000866.4_prot_NP_049879.1_268_known_Ndd-like_nucleoid_disruption_protein	NC_000866.4_prot_NP_049879.1_268_known_Ndd-like_nucleoid_disruption_protein
NC_000866.4_prot_NP_049880.1_269_unknown_Uncharacterized_protein_HI_0451	NC_000866.4_prot_NP_049880.1_269_unknown_Uncharacterized_protein_HI_0451
NC_000866.4_prot_NP_049882.1_271_known_periplasmic_protein	NC_000866.4_prot_NP_049882.1_271_known_periplasmic_protein
NC_000866.4_prot_NP_049885.1_274_known_outer_membrane_protein	NC_000866.4_prot_NP_049885.1_274_known_outer_membrane_protein
NC_000866.4_prot_NP_049886.1_275_known_outer_membrane_protein	NC_000866.4_prot_NP_049886.1_275_known_outer_membrane_protein
NC_000866.4_prot_NP_049887.1_276_known_DenB-like_DNA_endonuclease_IV	NC_000866.4_prot_NP_049887.1_276_known_DenB-like_DNA_endonuclease_IV
NC_000866.4_prot_NP_049888.1_277_unknown_Uncharacterized_protein_YJL049W	NC_000866.4_prot_NP_049888.1_277_unknown_Uncharacterized_protein_YJL049W
NC_000866.4_prot_NP_049889.1_278_known_RIIB_lysis_inhibitor	NC_000866.4_prot_NP_049889.1_278_known_RIIB_lysis_inhibitor
NC_000866.4_prot_NP_813808.1_58_unknown_Os02g0204200_protein	NC_000866.4_prot_NP_813808.1_58_unknown_Os02g0204200_protein
NC_000866.4_prot_NP_813810.1_173_known_head_maturation_protease	NC_000866.4_prot_NP_813810.1_173_known_head_maturation_protease
NC_000866.4_prot_NP_813811.1_190_known_baseplate_hub	NC_000866.4_prot_NP_813811.1_190_known_baseplate_hub
