NC_000866.4_prot_NP_049720.1_107_unknown	[gene=tk.1] [locus_tag=T4p107] [db_xref=GeneID:1258719] [protein=Tk.1 conserved hypothetical protein] [protein_id=NP_049720.1] [location=complement(60346..60534)] [gbkey=CDS]
NC_000866.4_prot_NP_049792.1_180_unknown	[gene=24.3] [locus_tag=T4p180] [db_xref=GeneID:1258562] [protein=gp24.3 conserved hypothetical protein] [protein_id=NP_049792.1] [location=complement(109915..110085)] [gbkey=CDS]
NC_000866.4_prot_NP_049706.1_92_unknown	[gene=nrdC.8] [locus_tag=T4p092] [db_xref=GeneID:1258541] [protein=hypothetical protein] [protein_id=NP_049706.1] [location=complement(53358..53885)] [gbkey=CDS]
NC_000866.4_prot_NP_049805.1_194_known	[gene=29] [locus_tag=T4p194] [db_xref=GeneID:1258641] [protein=baseplate hub subunit and tail length] [protein_id=NP_049805.1] [location=118878..120650] [gbkey=CDS]
NC_000866.4_prot_NP_049738.1_125_unknown	[gene=e.2] [locus_tag=T4p125] [db_xref=GeneID:1258614] [protein=hypothetical protein] [protein_id=NP_049738.1] [location=complement(67652..67960)] [gbkey=CDS]
NC_000866.4_prot_NP_049652.1_37_unknown	[gene=61.4] [locus_tag=T4p037] [db_xref=GeneID:1258667] [protein=gp61.4 hypothetical protein] [protein_id=NP_049652.1] [location=complement(20112..20369)] [gbkey=CDS]
NC_000866.4_prot_NP_049865.1_254_known	[gene=t] [locus_tag=T4p254] [db_xref=GeneID:1258610] [protein=holin] [protein_id=NP_049865.1] [location=160221..160877] [gbkey=CDS]
NC_000866.4_prot_NP_049835.1_224_unknown	[gene=pseT.1] [locus_tag=T4p224] [db_xref=GeneID:1258684] [protein=PseT.1 conserved hypothetical protein] [protein_id=NP_049835.1] [location=complement(134908..135135)] [gbkey=CDS]
NC_000866.4_prot_NP_049794.1_182_known	[gene=inh] [locus_tag=T4p182] [db_xref=GeneID:1258560] [protein=minor head protein inhibitor of protease] [protein_id=NP_049794.1] [location=complement(111327..112007)] [gbkey=CDS]
NC_000866.4_prot_NP_049889.1_278_known	[gene=rIIB] [locus_tag=T4p278] [db_xref=GeneID:1258618] [protein=RIIB lysis inhibitor] [protein_id=NP_049889.1] [location=complement(167965..168903)] [gbkey=CDS]
NC_000866.4_prot_NP_049861.1_250_known	[gene=35] [locus_tag=T4p250] [db_xref=GeneID:1258683] [protein=long tail fiber protein proximal connector] [protein_id=NP_049861.1] [location=154687..155805] [gbkey=CDS]
NC_000866.4_prot_NP_049666.1_51_known	[gene=45] [locus_tag=T4p051] [db_xref=GeneID:1258821] [protein=DNA polymerase processivity factor] [protein_id=NP_049666.1] [location=complement(31917..32603)] [gbkey=CDS]
NC_000866.4_prot_NP_049858.1_247_known	[gene=dsbA] [locus_tag=T4p247] [db_xref=GeneID:1258620] [protein=transcriptional regulator] [protein_id=NP_049858.1] [location=complement(149509..149778)] [gbkey=CDS]
NC_000866.4_prot_NP_049747.1_134_unknown	[gene=trna.3] [locus_tag=T4p134] [db_xref=GeneID:1258589] [protein=Trna.3 conserved hypothetical protein] [protein_id=NP_049747.1] [location=complement(72918..73328)] [gbkey=CDS]
NC_000866.4_prot_NP_049647.1_32_known	[gene=dam] [locus_tag=T4p032] [db_xref=GeneID:1258548] [protein=Dam family site-specific DNA-(adenine-N6)-methyltransferase] [protein_id=NP_049647.1] [location=complement(16846..17625)] [gbkey=CDS]
NC_000866.4_prot_NP_049797.1_185_unknown	[gene=uvsY.-2] [locus_tag=T4p185] [db_xref=GeneID:1258691] [protein=hypothetical protein] [protein_id=NP_049797.1] [location=complement(114496..114663)] [gbkey=CDS]
NC_000866.4_prot_NP_049882.1_271_known	[gene=ndd.2a] [locus_tag=T4p271] [db_xref=GeneID:1258767] [protein=periplasmic protein] [protein_id=NP_049882.1] [location=complement(166432..166554)] [gbkey=CDS]
NC_000866.4_prot_NP_049796.1_184_known	[gene=uvsW] [locus_tag=T4p184] [db_xref=GeneID:1258733] [protein=DNA helicase] [protein_id=NP_049796.1] [location=112677..114440] [gbkey=CDS]
NC_000866.4_prot_NP_049812.1_201_unknown	[gene=alt.1] [locus_tag=T4p201] [db_xref=GeneID:1258682] [protein=Alt.1 conserved hypothetical protein] [protein_id=NP_049812.1] [location=complement(125560..125748)] [gbkey=CDS]
NC_000866.4_prot_NP_049689.1_75_known	[gene=mobC] [locus_tag=T4p075] [db_xref=GeneID:1258570] [protein=homing endonuclease] [protein_id=NP_049689.1] [location=complement(42906..43538)] [gbkey=CDS]
NC_000866.4_prot_NP_049777.1_164_known	[gene=17] [locus_tag=T4p164] [db_xref=GeneID:1258675] [protein=terminase large subunit] [protein_id=NP_049777.1] [location=96933..98504] [gbkey=CDS]
NC_000866.4_prot_NP_049868.1_257_known	[gene=arn] [locus_tag=T4p257] [db_xref=GeneID:1258794] [protein=inhibitor of MrcBC restriction] [protein_id=NP_049868.1] [location=complement(161312..161590)] [gbkey=CDS]
NC_000866.4_prot_NP_049646.1_31_known	[gene=56] [locus_tag=T4p031] [db_xref=GeneID:1258544] [protein=dUTPase] [protein_id=NP_049646.1] [location=complement(16270..16785)] [gbkey=CDS]
NC_000866.4_prot_NP_049624.1_9_unknown	[gene=goF] [locus_tag=T4p009] [db_xref=GeneID:1258632] [protein=hypothetical protein] [protein_id=NP_049624.1] [location=complement(5842..6267)] [gbkey=CDS]
NC_000866.4_prot_NP_049732.1_119_unknown	[gene=vs.8] [locus_tag=T4p119] [db_xref=GeneID:1258713] [protein=hypothetical protein] [protein_id=NP_049732.1] [location=complement(64253..64912)] [gbkey=CDS]
NC_000866.4_prot_NP_049765.1_152_known	[gene=7] [locus_tag=T4p152] [db_xref=GeneID:1258549] [protein=baseplate wedge subunit] [protein_id=NP_049765.1] [location=83060..86158] [gbkey=CDS]
NC_000866.4_prot_NP_049741.1_128_unknown	[gene=e.5] [locus_tag=T4p128] [db_xref=GeneID:1258745] [protein=e.5 conserved hypothetical protein] [protein_id=NP_049741.1] [location=complement(68662..69270)] [gbkey=CDS]
NC_000866.4_prot_NP_049687.1_73_unknown	[gene=55.8] [locus_tag=T4p073] [db_xref=GeneID:1258556] [protein=gp55.8 conserved hypothetical predicted membrane protein] [protein_id=NP_049687.1] [location=complement(42116..42328)] [gbkey=CDS]
NC_000866.4_prot_NP_049713.1_100_unknown	[gene=mobD.3] [locus_tag=T4p100] [db_xref=GeneID:1258661] [protein=MobD.3 hypothetical protein] [protein_id=NP_049713.1] [location=complement(58155..58349)] [gbkey=CDS]
NC_000866.4_prot_NP_049782.1_169_known	[gene=20] [locus_tag=T4p169] [db_xref=GeneID:1258582] [protein=portal protein] [protein_id=NP_049782.1] [location=101207..102781] [gbkey=CDS]
NC_000866.4_prot_NP_049688.1_74_known	[gene=nrdG] [locus_tag=T4p074] [db_xref=GeneID:1258581] [protein=anaerobic ribonucleotide reductase small subunit] [protein_id=NP_049688.1] [location=complement(42446..42916)] [gbkey=CDS]
NC_000866.4_prot_NP_049712.1_98_unknown	[gene=mobD.2] [locus_tag=T4p098] [db_xref=GeneID:1258550] [protein=MobD.2 conserved hypothetical protein] [protein_id=NP_049712.1] [location=complement(57828..57932)] [gbkey=CDS]
NC_000866.4_prot_NP_049637.1_22_unknown	[gene=modA.2] [locus_tag=T4p022] [db_xref=GeneID:1258753] [protein=hypothetical protein] [protein_id=NP_049637.1] [location=complement(13198..13380)] [gbkey=CDS]
NC_000866.4_prot_NP_049780.1_167_known	[gene=18] [locus_tag=T4p167] [db_xref=GeneID:1258597] [protein=tail sheath] [protein_id=NP_049780.1] [location=98536..100515] [gbkey=CDS]
NC_000866.4_prot_NP_049879.1_268_known	[gene=ndd] [locus_tag=T4p268] [db_xref=GeneID:1258737] [protein=Ndd-like nucleoid disruption protein] [protein_id=NP_049879.1] [location=complement(165585..166040)] [gbkey=CDS]
NC_000866.4_prot_NP_049809.1_198_unknown	[gene=alt.-2] [locus_tag=T4p198] [db_xref=GeneID:1258689] [protein=Alt.-2 hypothetical protein] [protein_id=NP_049809.1] [location=complement(123065..123268)] [gbkey=CDS]
NC_000866.4_prot_NP_049654.1_39_known	[gene=41] [locus_tag=T4p039] [db_xref=GeneID:1258700] [protein=AAA family ATPase] [protein_id=NP_049654.1] [location=complement(20612..22039)] [gbkey=CDS]
NC_000866.4_prot_NP_049694.1_80_known	[gene=pin] [locus_tag=T4p080] [db_xref=GeneID:1258773] [protein=inhibitor of host Lon protease] [protein_id=NP_049694.1] [location=complement(46897..47382)] [gbkey=CDS]
NC_000866.4_prot_NP_049682.1_68_unknown	[gene=55.3] [locus_tag=T4p068] [db_xref=GeneID:1258805] [protein=gp55.3 hypothetical protein] [protein_id=NP_049682.1] [location=complement(40799..41038)] [gbkey=CDS]
NC_000866.4_prot_NP_049877.1_266_known	[gene=ac] [locus_tag=T4p266] [db_xref=GeneID:1258681] [protein=Ac acridine resistance protein] [protein_id=NP_049877.1] [location=complement(165342..165497)] [gbkey=CDS]
NC_000866.4_prot_NP_049825.1_214_known	[gene=31] [locus_tag=T4p214] [db_xref=GeneID:1258757] [protein=head morphogenesis] [protein_id=NP_049825.1] [location=complement(131181..131516)] [gbkey=CDS]
NC_000866.4_prot_NP_049632.1_17_known	[gene=dda] [locus_tag=T4p017] [db_xref=GeneID:1258784] [protein=Dda-like helicase] [protein_id=NP_049632.1] [location=complement(9410..10729)] [gbkey=CDS]
NC_000866.4_prot_NP_049703.1_89_unknown	[gene=nrdC.5] [locus_tag=T4p089] [db_xref=GeneID:1258750] [protein=NrdC.5 conserved hypothetical protein] [protein_id=NP_049703.1] [location=complement(50973..51995)] [gbkey=CDS]
NC_000866.4_prot_NP_049791.1_179_unknown	[gene=24.2] [locus_tag=T4p179] [db_xref=GeneID:1258738] [protein=gp24.2 conserved hypothetical protein] [protein_id=NP_049791.1] [location=complement(109650..109928)] [gbkey=CDS]
NC_000866.4_prot_NP_049644.1_29_known	[gene=soc] [locus_tag=T4p029] [db_xref=GeneID:1258783] [protein=virion structural protein] [protein_id=NP_049644.1] [location=complement(15331..15573)] [gbkey=CDS]
NC_000866.4_prot_NP_049816.1_205_unknown	[gene=30.3] [locus_tag=T4p205] [db_xref=GeneID:1258574] [protein=hypothetical protein] [protein_id=NP_049816.1] [location=complement(128307..128765)] [gbkey=CDS]
NC_000866.4_prot_NP_049639.1_24_unknown	[gene=modA.4] [locus_tag=T4p024] [db_xref=GeneID:1258636] [protein=ModA.4 hypothetical protein] [protein_id=NP_049639.1] [location=complement(13852..14016)] [gbkey=CDS]
NC_000866.4_prot_NP_049821.1_210_unknown	[gene=30.7] [locus_tag=T4p210] [db_xref=GeneID:1258645] [protein=gp30.7 conserved hypothetical protein] [protein_id=NP_049821.1] [location=complement(129487..129852)] [gbkey=CDS]
NC_000866.4_prot_NP_049819.1_208_unknown	[gene=30.5] [locus_tag=T4p208] [db_xref=GeneID:1258766] [protein=gp30.5 hypothetical protein] [protein_id=NP_049819.1] [location=complement(128961..129158)] [gbkey=CDS]
NC_000866.4_prot_NP_049779.1_166_known	[gene=17] [locus_tag=T4p166] [db_xref=GeneID:1258656] [protein=large terminase protein] [protein_id=NP_049779.1] [location=97254..98504] [gbkey=CDS]
NC_000866.4_prot_NP_049790.1_178_known	[gene=rnlB] [locus_tag=T4p178] [db_xref=GeneID:1258563] [protein=RNA ligase] [protein_id=NP_049790.1] [location=complement(108636..109640)] [gbkey=CDS]
NC_000866.4_prot_NP_049683.1_69_unknown	[gene=55.4] [locus_tag=T4p069] [db_xref=GeneID:1258578] [protein=gp55.4 conserved hypothetical protein] [protein_id=NP_049683.1] [location=complement(41039..41170)] [gbkey=CDS]
NC_000866.4_prot_NP_049884.1_273_unknown	[gene=ndd.4] [locus_tag=T4p273] [db_xref=GeneID:1258678] [protein=Ndd.4 hypothetical predicted inner membrane] [protein_id=NP_049884.1] [location=complement(166636..166764)] [gbkey=CDS]
NC_000866.4_prot_NP_049671.1_56_unknown	[gene=46.2] [locus_tag=T4p056] [db_xref=GeneID:1258612] [protein=gp46.2 hypothetical protein] [protein_id=NP_049671.1] [location=complement(35168..35431)] [gbkey=CDS]
NC_000866.4_prot_NP_049709.1_95_known	[gene=nrdC.11] [locus_tag=T4p095] [db_xref=GeneID:1258584] [protein=nucleotidyltransferase] [protein_id=NP_049709.1] [location=complement(55435..56445)] [gbkey=CDS]
NC_000866.4_prot_NP_049820.1_209_unknown	[gene=30.6] [locus_tag=T4p209] [db_xref=GeneID:1258670] [protein=gp30.6 conserved hypothetical protein] [protein_id=NP_049820.1] [location=complement(129158..129445)] [gbkey=CDS]
NC_000866.4_prot_NP_049753.1_140_known	[gene=3] [locus_tag=T4p140] [db_xref=GeneID:1258776] [protein=tail protein] [protein_id=NP_049753.1] [location=complement(75424..75954)] [gbkey=CDS]
NC_000866.4_prot_NP_049831.1_220_unknown	[gene=cd.3] [locus_tag=T4p220] [db_xref=GeneID:1258599] [protein=Cd.3 conserved hypothetical protein] [protein_id=NP_049831.1] [location=complement(133334..133609)] [gbkey=CDS]
NC_000866.4_prot_NP_049875.1_264_known	[gene=52] [locus_tag=T4p264] [db_xref=GeneID:1258768] [protein=DNA topoisomerase II] [protein_id=NP_049875.1] [location=complement(163876..165204)] [gbkey=CDS]
NC_000866.4_prot_NP_049668.1_53_known	[gene=45.2] [locus_tag=T4p053] [db_xref=GeneID:1258576] [protein=protein GP45.2] [protein_id=NP_049668.1] [location=complement(33058..33246)] [gbkey=CDS]
NC_000866.4_prot_NP_049722.1_109_unknown	[gene=tk.3] [locus_tag=T4p109] [db_xref=GeneID:1258705] [protein=Tk.2 conserved hypothetical protein] [protein_id=NP_049722.1] [location=complement(60713..60925)] [gbkey=CDS]
NC_000866.4_prot_NP_049874.1_263_unknown	[gene=motA.1] [locus_tag=T4p263] [db_xref=GeneID:1258724] [protein=MotA.1 hypothetical predicted periplasmic protein] [protein_id=NP_049874.1] [location=complement(163730..163879)] [gbkey=CDS]
NC_000866.4_prot_NP_049810.1_199_unknown	[gene=alt.-1] [locus_tag=T4p199] [db_xref=GeneID:1258764] [protein=Alt.-1 hypothetical protein] [protein_id=NP_049810.1] [location=complement(123265..123450)] [gbkey=CDS]
NC_000866.4_prot_NP_049669.1_54_known	[gene=46] [locus_tag=T4p054] [db_xref=GeneID:1258822] [protein=SbcC-like subunit of palindrome specific endonuclease] [protein_id=NP_049669.1] [location=complement(33302..34984)] [gbkey=CDS]
NC_000866.4_prot_NP_049661.1_46_known	[gene=imm.1] [locus_tag=T4p046] [db_xref=GeneID:1258538] [protein=iduronate sulfatase] [protein_id=NP_049661.1] [location=complement(26636..27013)] [gbkey=CDS]
NC_000866.4_prot_NP_049854.1_243_known	[gene=32] [locus_tag=T4p243] [db_xref=GeneID:1258602] [protein=single strand DNA binding protein] [protein_id=NP_049854.1] [location=complement(146948..147853)] [gbkey=CDS]
NC_000866.4_prot_NP_049833.1_222_unknown	[gene=cd.5] [locus_tag=T4p222] [db_xref=GeneID:1258708] [protein=Cd.5 hypothetical protein] [protein_id=NP_049833.1] [location=complement(133805..134032)] [gbkey=CDS]
NC_000866.4_prot_NP_049855.1_244_known	[gene=SegG] [locus_tag=T4p244] [db_xref=GeneID:1258646] [protein=homing endonuclease] [protein_id=NP_049855.1] [location=complement(147909..148541)] [gbkey=CDS]
NC_000866.4_prot_NP_049690.1_76_known	[gene=nrdD] [locus_tag=T4p076] [db_xref=GeneID:1258655] [protein=anaerobic ribonucleoside reductase large subunit] [protein_id=NP_049690.1] [location=complement(join(43535..44814,45848..46385))] [gbkey=CDS]
NC_000866.4_prot_NP_049853.1_242_unknown	[gene=frd.3] [locus_tag=T4p242] [db_xref=GeneID:1258615] [protein=hypothetical protein] [protein_id=NP_049853.1] [location=complement(146575..146802)] [gbkey=CDS]
NC_000866.4_prot_NP_049817.1_206_unknown	[gene=30.3'] [locus_tag=T4p206] [db_xref=GeneID:1258625] [protein=gp30.3' hypothetical protein] [protein_id=NP_049817.1] [location=complement(128402..128629)] [gbkey=CDS]
NC_000866.4_prot_NP_049655.1_40_known	[gene=40] [locus_tag=T4p040] [db_xref=GeneID:1258725] [protein=head vertex assembly chaperone] [protein_id=NP_049655.1] [location=complement(22049..22393)] [gbkey=CDS]
NC_000866.4_prot_NP_049721.1_108_unknown	[gene=tk.2] [locus_tag=T4p108] [db_xref=GeneID:1258579] [protein=Tk.2 conserved hypothetical protein] [protein_id=NP_049721.1] [location=complement(60531..60716)] [gbkey=CDS]
NC_000866.4_prot_NP_049778.1_165_known	[gene=17] [locus_tag=T4p165] [db_xref=GeneID:1258545] [protein=terminase large subunit] [protein_id=NP_049778.1] [location=96987..98504] [gbkey=CDS]
NC_000866.4_prot_NP_049758.1_145_known	[gene=repEB] [locus_tag=T4p145] [db_xref=GeneID:1258816] [protein=replication initiation protein] [protein_id=NP_049758.1] [location=complement(77981..78118)] [gbkey=CDS]
NC_000866.4_prot_NP_049757.1_144_known	[gene=5] [locus_tag=T4p144] [db_xref=GeneID:1258817] [protein=baseplate hub subunit and tail lysozyme] [protein_id=NP_049757.1] [location=77959..79686] [gbkey=CDS]
NC_000866.4_prot_NP_049888.1_277_unknown	[gene=denB.1] [locus_tag=T4p277] [db_xref=GeneID:1258677] [protein=DenB.1 hypothetical protein] [protein_id=NP_049888.1] [location=complement(167743..167937)] [gbkey=CDS]
NC_000866.4_prot_NP_049755.1_142_known	[gene=4] [locus_tag=T4p142] [db_xref=GeneID:1258590] [protein=head closure] [protein_id=NP_049755.1] [location=complement(76885..77337)] [gbkey=CDS]
NC_000866.4_prot_NP_049731.1_118_unknown	[gene=vs.7] [locus_tag=T4p118] [db_xref=GeneID:1258716] [protein=hypothetical protein] [protein_id=NP_049731.1] [location=complement(63927..64256)] [gbkey=CDS]
NC_000866.4_prot_NP_049828.1_217_known	[gene=cd] [locus_tag=T4p217] [db_xref=GeneID:1258669] [protein=dCMP deaminase] [protein_id=NP_049828.1] [location=complement(132118..132699)] [gbkey=CDS]
NC_000866.4_prot_NP_049714.1_101_known	[gene=mobD.4] [locus_tag=T4p101] [db_xref=GeneID:1258690] [protein=molybdopterin-guanine dinucleotide biosynthesis protein MobD] [protein_id=NP_049714.1] [location=complement(58352..58534)] [gbkey=CDS]
NC_000866.4_prot_NP_049737.1_124_known	[gene=nudE] [locus_tag=T4p124] [db_xref=GeneID:1258692] [protein=nudix hydrolase] [protein_id=NP_049737.1] [location=complement(67035..67490)] [gbkey=CDS]
NC_000866.4_prot_NP_049659.1_44_known	[gene=42] [locus_tag=T4p044] [db_xref=GeneID:1258746] [protein=thymidylate synthase] [protein_id=NP_049659.1] [location=complement(25479..26219)] [gbkey=CDS]
NC_000866.4_prot_NP_049837.1_226_known	[gene=pseT.3] [locus_tag=T4p226] [db_xref=GeneID:1258652] [protein=Rz-like spanin] [protein_id=NP_049837.1] [location=complement(135428..135781)] [gbkey=CDS]
NC_000866.4_prot_NP_049705.1_91_unknown	[gene=nrdC.7] [locus_tag=T4p091] [db_xref=GeneID:1258749] [protein=NrdC.7 conserved hypothetical, predicted membrane protein] [protein_id=NP_049705.1] [location=complement(52901..53302)] [gbkey=CDS]
NC_000866.4_prot_NP_049859.1_248_known	[gene=rnh] [locus_tag=T4p248] [db_xref=GeneID:1258577] [protein=RnaseH] [protein_id=NP_049859.1] [location=complement(149787..150704)] [gbkey=CDS]
NC_000866.4_prot_NP_049684.1_70_known	[gene=55.5] [locus_tag=T4p070] [db_xref=GeneID:1258583] [protein=gp55.5 conserved protein of unknown function] [protein_id=NP_049684.1] [location=complement(41178..41471)] [gbkey=CDS]
NC_000866.4_prot_NP_049759.1_146_known	[gene=repEA] [locus_tag=T4p146] [db_xref=GeneID:1258819] [protein=replication initiation protein] [protein_id=NP_049759.1] [location=complement(79085..79237)] [gbkey=CDS]
NC_000866.4_prot_NP_049723.1_110_known	[gene=tk.4] [locus_tag=T4p110] [db_xref=GeneID:1258663] [protein=phosphatase] [protein_id=NP_049723.1] [location=complement(60922..61389)] [gbkey=CDS]
NC_000866.4_prot_NP_049806.1_195_known	[gene=48] [locus_tag=T4p195] [db_xref=GeneID:1258551] [protein=baseplate tail tube cap] [protein_id=NP_049806.1] [location=120659..121753] [gbkey=CDS]
NC_000866.4_prot_NP_049772.1_159_known	[gene=13] [locus_tag=T4p159] [db_xref=GeneID:1258809] [protein=head-tail adaptor Ad2] [protein_id=NP_049772.1] [location=93624..94553] [gbkey=CDS]
NC_000866.4_prot_NP_049841.1_230_known	[gene=nrdB] [locus_tag=T4p230] [db_xref=GeneID:1258601] [protein=ribonucleotide reductase class Ia beta subunit] [protein_id=NP_049841.1] [location=complement(join(137955..138457,139056..139719))] [gbkey=CDS]
NC_000866.4_prot_NP_049636.1_21_known	[gene=modB] [locus_tag=T4p021] [db_xref=GeneID:1258688] [protein=RNA polymerase ADP-ribosylase] [protein_id=NP_049636.1] [location=complement(12507..13130)] [gbkey=CDS]
NC_000866.4_prot_NP_049848.1_237_known	[gene=td] [locus_tag=T4p237] [db_xref=GeneID:1258770] [protein=thymidylate synthase] [protein_id=NP_049848.1] [location=complement(join(143235..143546,144564..145112))] [gbkey=CDS]
NC_000866.4_prot_NP_049640.1_25_known	[gene=srh] [locus_tag=T4p025] [db_xref=GeneID:1258592] [protein=decoy of host sigma32] [protein_id=NP_049640.1] [location=complement(14013..14216)] [gbkey=CDS]
NC_000866.4_prot_NP_049873.1_262_known	[gene=motA] [locus_tag=T4p262] [db_xref=GeneID:1258740] [protein=MotA-like activator of middle period transcription] [protein_id=NP_049873.1] [location=complement(162967..163602)] [gbkey=CDS]
NC_000866.4_prot_NP_049642.1_27_unknown	[gene=mrh.1] [locus_tag=T4p027] [db_xref=GeneID:1258720] [protein=Mrh.1 hypothetical protein] [protein_id=NP_049642.1] [location=complement(14685..15026)] [gbkey=CDS]
NC_000866.4_prot_NP_049847.1_236_unknown	[gene=nrdA.2] [locus_tag=T4p236] [db_xref=GeneID:1258679] [protein=NrdA.2 conserved hypothetical protein] [protein_id=NP_049847.1] [location=complement(142951..143214)] [gbkey=CDS]
NC_000866.4_prot_NP_049867.1_256_unknown	[gene=asiA.1] [locus_tag=T4p256] [db_xref=GeneID:1258666] [protein=AsiA.1 hypothetical protein] [protein_id=NP_049867.1] [location=complement(161163..161315)] [gbkey=CDS]
NC_000866.4_prot_NP_049851.1_240_known	[gene=frd.1] [locus_tag=T4p240] [db_xref=GeneID:1258741] [protein=DUF5417 domain-containing protein] [protein_id=NP_049851.1] [location=complement(145762..146004)] [gbkey=CDS]
NC_000866.4_prot_NP_049771.1_158_known	[gene=wac] [locus_tag=T4p158] [db_xref=GeneID:1258630] [protein=fibritin neck whisker] [protein_id=NP_049771.1] [location=92129..93592] [gbkey=CDS]
NC_000866.4_prot_NP_049658.1_43_known	[gene=b-gt] [locus_tag=T4p043] [db_xref=GeneID:1258765] [protein=beta-glucosyltransferase] [protein_id=NP_049658.1] [location=complement(24400..25455)] [gbkey=CDS]
NC_000866.4_prot_NP_049622.1_7_unknown	[gene=39.1] [locus_tag=T4p007] [db_xref=GeneID:1258650] [protein=gp39.1 hypothetical protein] [protein_id=NP_049622.1] [location=complement(5398..5595)] [gbkey=CDS]
NC_000866.4_prot_NP_049781.1_168_known	[gene=19] [locus_tag=T4p168] [db_xref=GeneID:1258727] [protein=tail protein] [protein_id=NP_049781.1] [location=100632..101123] [gbkey=CDS]
NC_000866.4_prot_NP_049839.1_228_known	[gene=rnlA] [locus_tag=T4p228] [db_xref=GeneID:1258717] [protein=RNA ligase and tail fiber protein attachment catalyst] [protein_id=NP_049839.1] [location=complement(136340..137464)] [gbkey=CDS]
NC_000866.4_prot_NP_049676.1_62_unknown	[gene=a-gt.3] [locus_tag=T4p062] [db_xref=GeneID:1258815] [protein=a-gt.3 hypothetical protein] [protein_id=NP_049676.1] [location=complement(38907..39110)] [gbkey=CDS]
NC_000866.4_prot_NP_049648.1_33_known	[gene=61] [locus_tag=T4p033] [db_xref=GeneID:1258798] [protein=DNA primase] [protein_id=NP_049648.1] [location=complement(17935..18963)] [gbkey=CDS]
NC_000866.4_prot_NP_049629.1_14_known	[gene=dexA] [locus_tag=T4p014] [db_xref=GeneID:1258605] [protein=exonuclease] [protein_id=NP_049629.1] [location=complement(8225..8908)] [gbkey=CDS]
NC_000866.4_prot_NP_049704.1_90_unknown	[gene=nrdC.6] [locus_tag=T4p090] [db_xref=GeneID:1258637] [protein=hypothetical protein] [protein_id=NP_049704.1] [location=complement(52066..52893)] [gbkey=CDS]
NC_000866.4_prot_NP_049699.1_85_unknown	[gene=nrdC.1] [locus_tag=T4p085] [db_xref=GeneID:1258825] [protein=hypothetical protein] [protein_id=NP_049699.1] [location=complement(48393..48635)] [gbkey=CDS]
NC_000866.4_prot_NP_049726.1_113_known	[gene=regB] [locus_tag=T4p113] [db_xref=GeneID:1258703] [protein=endoribonuclease] [protein_id=NP_049726.1] [location=complement(62279..62740)] [gbkey=CDS]
NC_000866.4_prot_NP_049657.1_42_known	[gene=segA] [locus_tag=T4p042] [db_xref=GeneID:1258777] [protein=homing endonuclease] [protein_id=NP_049657.1] [location=complement(23570..24235)] [gbkey=CDS]
NC_000866.4_prot_NP_049681.1_67_unknown	[gene=55.2] [locus_tag=T4p067] [db_xref=GeneID:1258748] [protein=gp55.2 hypothetical protein] [protein_id=NP_049681.1] [location=complement(40459..40785)] [gbkey=CDS]
NC_000866.4_prot_NP_049711.1_97_unknown	[gene=mobD.1] [locus_tag=T4p097] [db_xref=GeneID:1258723] [protein=MobD.1 conserved hypothetical protein] [protein_id=NP_049711.1] [location=complement(57283..57828)] [gbkey=CDS]
NC_000866.4_prot_NP_049887.1_276_known	[gene=denB] [locus_tag=T4p276] [db_xref=GeneID:1258726] [protein=DenB-like DNA endonuclease IV] [protein_id=NP_049887.1] [location=complement(167103..167660)] [gbkey=CDS]
NC_000866.4_prot_NP_049673.1_59_known	[gene=a-gt] [locus_tag=T4p059] [db_xref=GeneID:1258823] [protein=alpha-glucosyltransferase] [protein_id=NP_049673.1] [location=complement(36624..37826)] [gbkey=CDS]
NC_000866.4_prot_NP_049811.1_200_known	[gene=alt] [locus_tag=T4p200] [db_xref=GeneID:1258760] [protein=Alt-like RNA polymerase ADP-ribosyltransferase] [protein_id=NP_049811.1] [location=complement(123454..125502)] [gbkey=CDS]
NC_000866.4_prot_NP_049769.1_156_known	[gene=11] [locus_tag=T4p156] [db_xref=GeneID:1258638] [protein=baseplate wedge subunit] [protein_id=NP_049769.1] [location=89893..90552] [gbkey=CDS]
NC_000866.4_prot_NP_049656.2_41_known	[gene=uvsX] [locus_tag=T4p041] [db_xref=GeneID:1258704] [protein=recombinase] [protein_id=NP_049656.2] [location=complement(22386..23561)] [gbkey=CDS]
NC_000866.4_prot_NP_813808.1_58_unknown	[gene=47.1] [locus_tag=T4p058] [db_xref=GeneID:1258732] [protein=gp47.1 hypothetical predicted membrane protein] [protein_id=NP_813808.1] [location=complement(36444..36584)] [gbkey=CDS]
NC_000866.4_prot_NP_049619.1_4_unknown	[gene=60.1] [locus_tag=T4p004] [db_xref=GeneID:1258780] [protein=gp60.1 hypothetical protein] [protein_id=NP_049619.1] [location=complement(2971..3351)] [gbkey=CDS]
NC_000866.4_prot_NP_049761.1_148_known	[gene=segC] [locus_tag=T4p148] [db_xref=GeneID:1258721] [protein=homing endonuclease] [protein_id=NP_049761.1] [location=80196..80618] [gbkey=CDS]
NC_000866.4_prot_NP_049626.1_11_known	[gene=motB] [locus_tag=T4p011] [db_xref=GeneID:1258672] [protein=MotB-like transcriptional regulator] [protein_id=NP_049626.1] [location=complement(6653..7141)] [gbkey=CDS]
NC_000866.4_prot_NP_049813.1_202_known	[gene=30] [locus_tag=T4p202] [db_xref=GeneID:1258680] [protein=DNA ligase] [protein_id=NP_049813.1] [location=complement(125745..127208)] [gbkey=CDS]
NC_000866.4_prot_NP_049760.1_147_unknown	[gene=5.1] [locus_tag=T4p147] [db_xref=GeneID:1258586] [protein=hypothetical protein] [protein_id=NP_049760.1] [location=79721..80215] [gbkey=CDS]
NC_000866.4_prot_NP_813809.1_99_unknown	[gene=mobD.2a] [locus_tag=T4p099] [db_xref=GeneID:1258571] [protein=MobD.2a hypothetical protein] [protein_id=NP_813809.1] [location=complement(58049..58165)] [gbkey=CDS]
NC_000866.4_prot_NP_049691.2_77_known	[gene=I-TevII] [locus_tag=T4p077] [db_xref=GeneID:1258800] [protein=I-TevII homing endonuclease] [protein_id=NP_049691.2] [location=complement(44836..45612)] [gbkey=CDS]
NC_000866.4_prot_NP_049736.1_123_known	[gene=e] [locus_tag=T4p123] [db_xref=GeneID:1258585] [protein=glycoside hydrolase family protein] [protein_id=NP_049736.1] [location=complement(66503..66997)] [gbkey=CDS]
NC_000866.4_prot_NP_813811.1_190_known	[gene=26'] [locus_tag=T4p190] [db_xref=GeneID:1258644] [protein=baseplate hub] [protein_id=NP_813811.1] [location=complement(115802..116089)] [gbkey=CDS]
NC_000866.4_prot_NP_049745.2_132_known	[gene=segB] [locus_tag=T4p132] [db_xref=GeneID:1258659] [protein=homing endonuclease] [protein_id=NP_049745.2] [location=complement(71253..71918)] [gbkey=CDS]
NC_000866.4_prot_NP_049716.1_103_known	[gene=rI.-1] [locus_tag=T4p103] [db_xref=GeneID:1258569] [protein=starvation-inducible transcriptional regulator] [protein_id=NP_049716.1] [location=complement(58819..59205)] [gbkey=CDS]
NC_000866.4_prot_NP_049864.1_253_known	[gene=38] [locus_tag=T4p253] [db_xref=GeneID:1258706] [protein=tail fiber assembly] [protein_id=NP_049864.1] [location=159649..160200] [gbkey=CDS]
NC_000866.4_prot_NP_049878.1_267_known	[gene=stp] [locus_tag=T4p267] [db_xref=GeneID:1258673] [protein=activator of host PrrC lysyl-tRNA endonuclease] [protein_id=NP_049878.1] [location=complement(165505..165585)] [gbkey=CDS]
NC_000866.4_prot_NP_049748.1_135_unknown	[gene=trna.4] [locus_tag=T4p135] [db_xref=GeneID:1258608] [protein=hypothetical protein] [protein_id=NP_049748.1] [location=complement(73329..73514)] [gbkey=CDS]
NC_000866.4_prot_NP_049834.1_223_known	[gene=pseT] [locus_tag=T4p223] [db_xref=GeneID:1258796] [protein=polynucleotide kinase] [protein_id=NP_049834.1] [location=complement(134002..134907)] [gbkey=CDS]
NC_000866.4_prot_NP_049862.1_251_known	[gene=36] [locus_tag=T4p251] [db_xref=GeneID:1258790] [protein=hinge connector of long tail fiber protein distal connector] [protein_id=NP_049862.1] [location=155868..156533] [gbkey=CDS]
NC_000866.4_prot_NP_049678.1_64_unknown	[gene=a-gt.5] [locus_tag=T4p064] [db_xref=GeneID:1258804] [protein=a-gt.5 hypothetical protein] [protein_id=NP_049678.1] [location=complement(39398..39616)] [gbkey=CDS]
NC_000866.4_prot_NP_049621.1_6_known	[gene=39] [locus_tag=T4p006] [db_xref=GeneID:1258807] [protein=DNA topoisomerase II large subunit] [protein_id=NP_049621.1] [location=complement(3778..5328)] [gbkey=CDS]
NC_000866.4_prot_NP_049832.1_221_unknown	[gene=cd.4] [locus_tag=T4p221] [db_xref=GeneID:1258735] [protein=Cd.4 conserved hypothetical protein] [protein_id=NP_049832.1] [location=complement(133612..133812)] [gbkey=CDS]
NC_000866.4_prot_NP_049870.1_259_unknown	[gene=arn.2] [locus_tag=T4p259] [db_xref=GeneID:1258792] [protein=hypothetical protein] [protein_id=NP_049870.1] [location=complement(161876..162172)] [gbkey=CDS]
NC_000866.4_prot_NP_049617.1_2_unknown	[gene=rIIA.1] [locus_tag=T4p002] [db_xref=GeneID:1258774] [protein=rIIA.1 hypothetical protein] [protein_id=NP_049617.1] [location=complement(2200..2403)] [gbkey=CDS]
NC_000866.4_prot_NP_049631.1_16_known	[gene=dexA.2] [locus_tag=T4p016] [db_xref=GeneID:1258616] [protein=dextranase] [protein_id=NP_049631.1] [location=complement(9143..9388)] [gbkey=CDS]
NC_000866.4_prot_NP_049680.1_66_unknown	[gene=55.1] [locus_tag=T4p066] [db_xref=GeneID:1258698] [protein=gp55.1 hypothetical protein] [protein_id=NP_049680.1] [location=complement(40193..40456)] [gbkey=CDS]
NC_000866.4_prot_NP_049638.1_23_known	[gene=modA.3] [locus_tag=T4p023] [db_xref=GeneID:1258730] [protein=Mrh transcription modulator under heat shock] [protein_id=NP_049638.1] [location=complement(13389..13859)] [gbkey=CDS]
NC_000866.4_prot_NP_049677.1_63_known	[gene=a-gt.4] [locus_tag=T4p063] [db_xref=GeneID:1258814] [protein=a-gt.4 family protein] [protein_id=NP_049677.1] [location=complement(39079..39396)] [gbkey=CDS]
NC_000866.4_prot_NP_049749.1_136_known	[gene=ipI] [locus_tag=T4p136] [db_xref=GeneID:1258561] [protein=internal virion protein] [protein_id=NP_049749.1] [location=complement(73591..73878)] [gbkey=CDS]
NC_000866.4_prot_NP_049735.1_122_known	[gene=ipIII] [locus_tag=T4p122] [db_xref=GeneID:1258595] [protein=internal virion protein] [protein_id=NP_049735.1] [location=complement(65834..66415)] [gbkey=CDS]
NC_000866.4_prot_NP_049718.1_105_unknown	[gene=rI.1] [locus_tag=T4p105] [db_xref=GeneID:1258711] [protein=rI.1 conserved hypothetical protein] [protein_id=NP_049718.1] [location=complement(59508..59720)] [gbkey=CDS]
NC_000866.4_prot_NP_049623.1_8_known	[gene=39.2] [locus_tag=T4p008] [db_xref=GeneID:1258588] [protein=FmdB-like transcriptional regulator] [protein_id=NP_049623.1] [location=complement(5702..5839)] [gbkey=CDS]
NC_000866.4_prot_NP_049746.1_133_unknown	[gene=trna.2] [locus_tag=T4p133] [db_xref=GeneID:1258580] [protein=Trna.2 conserved hypothetical protein] [protein_id=NP_049746.1] [location=complement(72628..72915)] [gbkey=CDS]
NC_000866.4_prot_NP_049824.1_213_known	[gene=rIII] [locus_tag=T4p213] [db_xref=GeneID:1258761] [protein=lysis inhibition; accessory protein] [protein_id=NP_049824.1] [location=complement(130785..131033)] [gbkey=CDS]
NC_000866.4_prot_NP_049645.1_30_known	[gene=segF] [locus_tag=T4p030] [db_xref=GeneID:1258803] [protein=SegF homing endonuclease] [protein_id=NP_049645.1] [location=complement(15606..16280)] [gbkey=CDS]
NC_000866.4_prot_NP_049763.1_150_known	[gene=5.4] [locus_tag=T4p150] [db_xref=GeneID:1258818] [protein=PAAR motif of membran proteins] [protein_id=NP_049763.1] [location=80779..81072] [gbkey=CDS]
NC_000866.4_prot_NP_049788.2_176_known	[gene=segD] [locus_tag=T4p176] [db_xref=GeneID:1258554] [protein=homing endonuclease] [protein_id=NP_049788.2] [location=complement(106561..107232)] [gbkey=CDS]
NC_000866.4_prot_NP_049693.2_79_known	[gene=49] [locus_tag=T4p079] [db_xref=GeneID:1258772] [protein=endonuclease VII] [protein_id=NP_049693.2] [location=complement(46382..46699)] [gbkey=CDS]
NC_000866.4_prot_NP_049804.2_193_known	[gene=28] [locus_tag=T4p193] [db_xref=GeneID:1258697] [protein=baseplate hub distal subunit] [protein_id=NP_049804.2] [location=118348..118881] [gbkey=CDS]
NC_000866.4_prot_NP_049620.1_5_known	[gene=mobA] [locus_tag=T4p005] [db_xref=GeneID:1258782] [protein=homing endonuclease] [protein_id=NP_049620.1] [location=complement(3654..3767)] [gbkey=CDS]
NC_000866.4_prot_NP_049849.3_238_known	[gene=I-TevI] [locus_tag=T4p238] [db_xref=GeneID:1258722] [protein=homing endonuclease] [protein_id=NP_049849.3] [location=complement(143694..144431)] [gbkey=CDS]
NC_000866.4_prot_NP_049734.1_121_known	[gene=ipII] [locus_tag=T4p121] [db_xref=GeneID:1258729] [protein=internal virion protein] [protein_id=NP_049734.1] [location=complement(65416..65718)] [gbkey=CDS]
NC_000866.4_prot_NP_049823.1_212_unknown	[gene=30.9] [locus_tag=T4p212] [db_xref=GeneID:1258718] [protein=gp30.9 conserved hypothetical protein] [protein_id=NP_049823.1] [location=complement(130364..130540)] [gbkey=CDS]
NC_000866.4_prot_NP_049863.1_252_known	[gene=37] [locus_tag=T4p252] [db_xref=GeneID:1258629] [protein=long tail fiber protein distal subunit] [protein_id=NP_049863.1] [location=156542..159622] [gbkey=CDS]
NC_000866.4_prot_NP_049886.1_275_known	[gene=ndd.6] [locus_tag=T4p275] [db_xref=GeneID:1258756] [protein=outer membrane protein] [protein_id=NP_049886.1] [location=complement(166910..166996)] [gbkey=CDS]
NC_000866.4_prot_NP_049634.1_19_known	[gene=srd] [locus_tag=T4p019] [db_xref=GeneID:1258797] [protein=Srd anti-sigma factor] [protein_id=NP_049634.1] [location=complement(11039..11785)] [gbkey=CDS]
NC_000866.4_prot_NP_049664.1_49_known	[gene=62] [locus_tag=T4p049] [db_xref=GeneID:1258559] [protein=clamp loader of DNA polymerase] [protein_id=NP_049664.1] [location=complement(30342..30905)] [gbkey=CDS]
NC_000866.4_prot_NP_049883.1_272_unknown	[gene=ndd.3] [locus_tag=T4p272] [db_xref=GeneID:1258755] [protein=Ndd.3 hypothetical predicted inner membrane protein] [protein_id=NP_049883.1] [location=complement(166548..166628)] [gbkey=CDS]
NC_000866.4_prot_NP_049850.1_239_known	[gene=frd] [locus_tag=T4p239] [db_xref=GeneID:1258671] [protein=dihydrofolate reductase] [protein_id=NP_049850.1] [location=complement(145109..145690)] [gbkey=CDS]
NC_000866.4_prot_NP_049829.1_218_unknown	[gene=cd.1] [locus_tag=T4p218] [db_xref=GeneID:1258687] [protein=Cd.1 hypothetical protein] [protein_id=NP_049829.1] [location=complement(132696..133034)] [gbkey=CDS]
NC_000866.4_prot_NP_049767.1_154_known	[gene=9] [locus_tag=T4p154] [db_xref=GeneID:1258617] [protein=baseplate wedge tail fiber protein connector] [protein_id=NP_049767.1] [location=87219..88085] [gbkey=CDS]
NC_000866.4_prot_NP_049739.1_126_unknown	[gene=e.3] [locus_tag=T4p126] [db_xref=GeneID:1258686] [protein=hypothetical protein] [protein_id=NP_049739.1] [location=complement(67957..68319)] [gbkey=CDS]
NC_000866.4_prot_NP_049662.1_47_known	[gene=43] [locus_tag=T4p047] [db_xref=GeneID:1258685] [protein=DNA polymerase] [protein_id=NP_049662.1] [location=complement(27197..29893)] [gbkey=CDS]
NC_000866.4_prot_NP_049775.1_162_known	[gene=16] [locus_tag=T4p162] [db_xref=GeneID:1258811] [protein=terminase small subunit] [protein_id=NP_049775.1] [location=96194..96688] [gbkey=CDS]
NC_000866.4_prot_NP_049876.1_265_unknown	[gene=52.1] [locus_tag=T4p265] [db_xref=GeneID:1258635] [protein=gp52.1 conserved hypothetical predicted membrane protein] [protein_id=NP_049876.1] [location=complement(165209..165349)] [gbkey=CDS]
NC_000866.4_prot_NP_049672.1_57_known	[gene=47] [locus_tag=T4p057] [db_xref=GeneID:1258781] [protein=SbcD-like subunit of palindrome specific endonuclease] [protein_id=NP_049672.1] [location=complement(35428..36447)] [gbkey=CDS]
NC_000866.4_prot_NP_049742.1_129_unknown	[gene=e.6] [locus_tag=T4p129] [db_xref=GeneID:1258634] [protein=e.6 conserved hypothetical protein] [protein_id=NP_049742.1] [location=complement(69312..69905)] [gbkey=CDS]
NC_000866.4_prot_NP_049750.1_137_known	[gene=57B] [locus_tag=T4p137] [db_xref=GeneID:1258596] [protein=RNA ligase] [protein_id=NP_049750.1] [location=complement(73952..74410)] [gbkey=CDS]
NC_000866.4_prot_NP_049840.1_229_known	[gene=denA] [locus_tag=T4p229] [db_xref=GeneID:1258710] [protein=endonuclease] [protein_id=NP_049840.1] [location=complement(137517..137951)] [gbkey=CDS]
NC_000866.4_prot_NP_049733.1_120_known	[gene=denV] [locus_tag=T4p120] [db_xref=GeneID:1258606] [protein=endonuclease V N-glycosylase UV repair enzyme] [protein_id=NP_049733.1] [location=complement(64939..65355)] [gbkey=CDS]
NC_000866.4_prot_NP_049814.1_203_known	[gene=30.1] [locus_tag=T4p203] [db_xref=GeneID:1258603] [protein=DUF3045 domain-containing protein] [protein_id=NP_049814.1] [location=complement(127205..127474)] [gbkey=CDS]
NC_000866.4_prot_NP_049679.1_65_known	[gene=55] [locus_tag=T4p065] [db_xref=GeneID:1258806] [protein=RNA polymerase sigma factor] [protein_id=NP_049679.1] [location=complement(39600..40157)] [gbkey=CDS]
NC_000866.4_prot_NP_049675.1_61_unknown	[gene=a-gt.2] [locus_tag=T4p061] [db_xref=GeneID:1258820] [protein=a-gt.2 hypothetical protein] [protein_id=NP_049675.1] [location=complement(38731..38922)] [gbkey=CDS]
NC_000866.4_prot_NP_049730.1_117_known	[gene=vs.6] [locus_tag=T4p117] [db_xref=GeneID:1258600] [protein=autonomous glycyl radical cofactor GrcA] [protein_id=NP_049730.1] [location=complement(63557..63919)] [gbkey=CDS]
NC_000866.4_prot_NP_049826.1_215_known	[gene=31.1] [locus_tag=T4p215] [db_xref=GeneID:1258664] [protein=SH3 beta-barrel fold-containing protein] [protein_id=NP_049826.1] [location=complement(131573..131881)] [gbkey=CDS]
NC_000866.4_prot_NP_049729.1_116_unknown	[gene=vs.5] [locus_tag=T4p116] [db_xref=GeneID:1258660] [protein=Vs.5 conserved hypothetical protein] [protein_id=NP_049729.1] [location=complement(63381..63557)] [gbkey=CDS]
NC_000866.4_prot_NP_049764.1_151_known	[gene=6] [locus_tag=T4p151] [db_xref=GeneID:1258662] [protein=baseplate wedge subunit] [protein_id=NP_049764.1] [location=81081..83063] [gbkey=CDS]
NC_000866.4_prot_NP_049635.1_20_known	[gene=modA] [locus_tag=T4p020] [db_xref=GeneID:1258568] [protein=RNA polymerase ADP-ribosylase] [protein_id=NP_049635.1] [location=complement(11908..12510)] [gbkey=CDS]
NC_000866.4_prot_NP_049860.1_249_known	[gene=34] [locus_tag=T4p249] [db_xref=GeneID:1258754] [protein=tail fiber protein proximal subunit] [protein_id=NP_049860.1] [location=150809..154678] [gbkey=CDS]
NC_000866.4_prot_NP_049869.1_258_unknown	[gene=arn.1] [locus_tag=T4p258] [db_xref=GeneID:1258791] [protein=hypothetical protein] [protein_id=NP_049869.1] [location=complement(161674..161805)] [gbkey=CDS]
NC_000866.4_prot_NP_049845.1_234_known	[gene=nrdA] [locus_tag=T4p234] [db_xref=GeneID:1258795] [protein=NrdA-like aerobic NDP reductase large subunit] [protein_id=NP_049845.1] [location=complement(140416..142680)] [gbkey=CDS]
NC_000866.4_prot_NP_813810.1_173_known	[gene=21] [locus_tag=T4p173] [db_xref=GeneID:1258621] [protein=head maturation protease] [protein_id=NP_813810.1] [location=103514..104086] [gbkey=CDS]
NC_000866.4_prot_NP_049766.1_153_known	[gene=8] [locus_tag=T4p153] [db_xref=GeneID:1258542] [protein=baseplate wedge subunit] [protein_id=NP_049766.1] [location=86151..87155] [gbkey=CDS]
NC_000866.4_prot_NP_049633.1_18_unknown	[gene=dda.1] [locus_tag=T4p018] [db_xref=GeneID:1258786] [protein=Dda.1 hypothetical protein] [protein_id=NP_049633.1] [location=complement(10726..11037)] [gbkey=CDS]
NC_000866.4_prot_NP_049674.1_60_known	[gene=mobB] [locus_tag=T4p060] [db_xref=GeneID:1258824] [protein=homing endonuclease] [protein_id=NP_049674.1] [location=complement(37885..38679)] [gbkey=CDS]
NC_000866.4_prot_NP_049708.1_94_unknown	[gene=nrdC.10] [locus_tag=T4p094] [db_xref=GeneID:1258566] [protein=hypothetical protein] [protein_id=NP_049708.1] [location=complement(54343..55320)] [gbkey=CDS]
NC_000866.4_prot_NP_049783.1_170_known	[gene=67] [locus_tag=T4p170] [db_xref=GeneID:1258665] [protein=prohead] [protein_id=NP_049783.1] [location=102781..103023] [gbkey=CDS]
NC_000866.4_prot_NP_049762.1_149_unknown	[gene=5.3] [locus_tag=T4p149] [db_xref=GeneID:1258701] [protein=gp5.3 conserved hypothetical protein] [protein_id=NP_049762.1] [location=80621..80791] [gbkey=CDS]
NC_000866.4_prot_NP_049808.1_197_unknown	[gene=alt.-3] [locus_tag=T4p197] [db_xref=GeneID:1258565] [protein=Alt.-3 conserved hypothetical protein] [protein_id=NP_049808.1] [location=complement(122742..123032)] [gbkey=CDS]
NC_000866.4_prot_NP_049649.1_34_unknown	[gene=61.1] [locus_tag=T4p034] [db_xref=GeneID:1258567] [protein=gp61.1 hypothetical protein] [protein_id=NP_049649.1] [location=complement(18966..19130)] [gbkey=CDS]
NC_000866.4_prot_NP_049822.1_211_unknown	[gene=30.8] [locus_tag=T4p211] [db_xref=GeneID:1258743] [protein=gp30.8 conserved hypothetical protein] [protein_id=NP_049822.1] [location=complement(129921..130253)] [gbkey=CDS]
NC_000866.4_prot_NP_049852.1_241_unknown	[gene=frd.2] [locus_tag=T4p241] [db_xref=GeneID:1258627] [protein=hypothetical protein] [protein_id=NP_049852.1] [location=complement(146143..146529)] [gbkey=CDS]
NC_000866.4_prot_NP_049785.1_172_known	[gene=21] [locus_tag=T4p172] [db_xref=GeneID:1258771] [protein=head maturation protease] [protein_id=NP_049785.1] [location=103448..104086] [gbkey=CDS]
NC_000866.4_prot_NP_049880.1_269_unknown	[gene=ndd.1] [locus_tag=T4p269] [db_xref=GeneID:1258759] [protein=hypothetical protein] [protein_id=NP_049880.1] [location=complement(166101..166316)] [gbkey=CDS]
NC_000866.4_prot_NP_049744.1_131_unknown	[gene=e.8] [locus_tag=T4p131] [db_xref=GeneID:1258598] [protein=e.8 conserved hypothetical protein] [protein_id=NP_049744.1] [location=complement(70360..70623)] [gbkey=CDS]
NC_000866.4_prot_NP_049776.1_163_known	[gene=17] [locus_tag=T4p163] [db_xref=GeneID:1258647] [protein=terminase large subunit] [protein_id=NP_049776.1] [location=96672..98504] [gbkey=CDS]
NC_000866.4_prot_NP_049702.1_88_unknown	[gene=nrdC.4] [locus_tag=T4p088] [db_xref=GeneID:1258539] [protein=hypothetical protein] [protein_id=NP_049702.1] [location=complement(49914..50915)] [gbkey=CDS]
NC_000866.4_prot_NP_049710.1_96_known	[gene=mobD] [locus_tag=T4p096] [db_xref=GeneID:1258744] [protein=homing endonuclease] [protein_id=NP_049710.1] [location=complement(56429..57208)] [gbkey=CDS]
NC_000866.4_prot_NP_049786.1_174_known	[gene=22] [locus_tag=T4p174] [db_xref=GeneID:1258775] [protein=head scaffolding protein] [protein_id=NP_049786.1] [location=104117..104926] [gbkey=CDS]
NC_000866.4_prot_NP_049686.1_72_known	[gene=nrdH] [locus_tag=T4p072] [db_xref=GeneID:1258609] [protein=NrdH glutaredoxin] [protein_id=NP_049686.1] [location=complement(41805..42113)] [gbkey=CDS]
NC_000866.4_prot_NP_049717.1_104_known	[gene=rI] [locus_tag=T4p104] [db_xref=GeneID:1258591] [protein=lysis inhibition] [protein_id=NP_049717.1] [location=complement(59202..59495)] [gbkey=CDS]
NC_000866.4_prot_NP_049685.1_71_unknown	[gene=55.6] [locus_tag=T4p071] [db_xref=GeneID:1258564] [protein=gp55.6 conserved hypothetical protein] [protein_id=NP_049685.1] [location=complement(41464..41646)] [gbkey=CDS]
NC_000866.4_prot_NP_049653.1_38_known	[gene=dmd] [locus_tag=T4p038] [db_xref=GeneID:1258668] [protein=Dmd discriminator of mRNA degradation] [protein_id=NP_049653.1] [location=complement(20371..20553)] [gbkey=CDS]
NC_000866.4_prot_NP_049784.1_171_known	[gene=68] [locus_tag=T4p171] [db_xref=GeneID:1258769] [protein=head scaffolding protein] [protein_id=NP_049784.1] [location=103023..103448] [gbkey=CDS]
NC_000866.4_prot_NP_049857.1_246_known	[gene=33] [locus_tag=T4p246] [db_xref=GeneID:1258793] [protein=late promoter transcriptional regulator] [protein_id=NP_049857.1] [location=complement(149193..149531)] [gbkey=CDS]
NC_000866.4_prot_NP_049616.1_1_known	[gene=rIIA] [locus_tag=T4p001] [db_xref=GeneID:1258593] [protein=RIIA lysis inhibitor] [protein_id=NP_049616.1] [location=complement(12..2189)] [gbkey=CDS]
NC_000866.4_prot_NP_049770.1_157_known	[gene=12] [locus_tag=T4p157] [db_xref=GeneID:1258789] [protein=tail collar fiber protein] [protein_id=NP_049770.1] [location=90549..92132] [gbkey=CDS]
NC_000866.4_prot_NP_049803.1_192_known	[gene=27] [locus_tag=T4p192] [db_xref=GeneID:1258643] [protein=baseplate hub] [protein_id=NP_049803.1] [location=117228..118403] [gbkey=CDS]
NC_000866.4_prot_NP_049866.1_255_known	[gene=asiA] [locus_tag=T4p255] [db_xref=GeneID:1258709] [protein=anti-sigma factor] [protein_id=NP_049866.1] [location=complement(160878..161150)] [gbkey=CDS]
NC_000866.4_prot_NP_049618.1_3_known	[gene=60] [locus_tag=T4p003] [db_xref=GeneID:1258779] [protein=DNA topoisomerase II] [protein_id=NP_049618.1] [location=complement(join(2458..2802,2853..2990))] [gbkey=CDS]
NC_000866.4_prot_NP_049756.1_143_known	[gene=53] [locus_tag=T4p143] [db_xref=GeneID:1258693] [protein=baseplate wedge subunit] [protein_id=NP_049756.1] [location=77385..77975] [gbkey=CDS]
NC_000866.4_prot_NP_049802.1_191_known	[gene=51] [locus_tag=T4p191] [db_xref=GeneID:1258640] [protein=baseplate hub assembly protein] [protein_id=NP_049802.1] [location=116479..117228] [gbkey=CDS]
NC_000866.4_prot_NP_049827.1_216_unknown	[gene=31.2] [locus_tag=T4p216] [db_xref=GeneID:1258801] [protein=hypothetical protein] [protein_id=NP_049827.1] [location=complement(131882..132118)] [gbkey=CDS]
NC_000866.4_prot_NP_049728.1_115_unknown	[gene=vs.4] [locus_tag=T4p115] [db_xref=GeneID:1258619] [protein=Vs.4 conserved hypothetical protein] [protein_id=NP_049728.1] [location=complement(63078..63344)] [gbkey=CDS]
NC_000866.4_prot_NP_049871.1_260_unknown	[gene=arn.3] [locus_tag=T4p260] [db_xref=GeneID:1258674] [protein=Arn.3 conserved hypothetical protein] [protein_id=NP_049871.1] [location=complement(162172..162630)] [gbkey=CDS]
NC_000866.4_prot_NP_049856.1_245_known	[gene=59] [locus_tag=T4p245] [db_xref=GeneID:1258623] [protein=DNA helicase loader] [protein_id=NP_049856.1] [location=complement(148543..149196)] [gbkey=CDS]
NC_000866.4_prot_NP_049881.1_270_unknown	[gene=ndd.2] [locus_tag=T4p270] [db_xref=GeneID:1258762] [protein=Ndd.2 hypothetical predicted outer membrane protein] [protein_id=NP_049881.1] [location=complement(166325..166435)] [gbkey=CDS]
NC_000866.4_prot_NP_049707.1_93_unknown	[gene=nrdC.9] [locus_tag=T4p093] [db_xref=GeneID:1258649] [protein=NrdC.9 conserved hypothetical protein] [protein_id=NP_049707.1] [location=complement(53946..54248)] [gbkey=CDS]
NC_000866.4_prot_NP_049793.1_181_known	[gene=hoc] [locus_tag=T4p181] [db_xref=GeneID:1258642] [protein=Hoc-like head decoration] [protein_id=NP_049793.1] [location=complement(110187..111317)] [gbkey=CDS]
NC_000866.4_prot_NP_049798.1_186_unknown	[gene=uvsY.-1] [locus_tag=T4p186] [db_xref=GeneID:1258728] [protein=UvsY.-1 conserved hypothetical protein] [protein_id=NP_049798.1] [location=complement(114690..114914)] [gbkey=CDS]
NC_000866.4_prot_NP_049630.1_15_unknown	[gene=dexA.1] [locus_tag=T4p015] [db_xref=GeneID:1258785] [protein=DexA.1 hypothetical protein] [protein_id=NP_049630.1] [location=complement(8908..9150)] [gbkey=CDS]
NC_000866.4_prot_NP_049815.1_204_unknown	[gene=30.2] [locus_tag=T4p204] [db_xref=GeneID:1258676] [protein=hypothetical protein] [protein_id=NP_049815.1] [location=complement(127474..128310)] [gbkey=CDS]
NC_000866.4_prot_NP_049787.1_175_known	[gene=23] [locus_tag=T4p175] [db_xref=GeneID:1258751] [protein=major head protein] [protein_id=NP_049787.1] [location=104945..106510] [gbkey=CDS]
NC_000866.4_prot_NP_049743.1_130_unknown	[gene=e.7] [locus_tag=T4p130] [db_xref=GeneID:1258604] [protein=e.7 hypothetical protein] [protein_id=NP_049743.1] [location=complement(69968..70303)] [gbkey=CDS]
NC_000866.4_prot_NP_049818.1_207_unknown	[gene=30.4] [locus_tag=T4p207] [db_xref=GeneID:1258714] [protein=gp30.4 conserved hypothetical protein] [protein_id=NP_049818.1] [location=complement(128758..128964)] [gbkey=CDS]
NC_000866.4_prot_NP_049719.1_106_known	[gene=tk] [locus_tag=T4p106] [db_xref=GeneID:1258712] [protein=thymidine kinase] [protein_id=NP_049719.1] [location=complement(59763..60344)] [gbkey=CDS]
NC_000866.4_prot_NP_049643.1_28_unknown	[gene=mrh.2] [locus_tag=T4p028] [db_xref=GeneID:1258696] [protein=Mrh.2 hypothetical protein] [protein_id=NP_049643.1] [location=complement(15026..15232)] [gbkey=CDS]
NC_000866.4_prot_NP_049800.1_188_known	[gene=25] [locus_tag=T4p188] [db_xref=GeneID:1258633] [protein=baseplate wedge subunit] [protein_id=NP_049800.1] [location=complement(115404..115802)] [gbkey=CDS]
NC_000866.4_prot_NP_049697.1_83_unknown	[gene=49.3] [locus_tag=T4p083] [db_xref=GeneID:1258788] [protein=gp49.3 hypothetical protein] [protein_id=NP_049697.1] [location=complement(47823..48131)] [gbkey=CDS]
NC_000866.4_prot_NP_049751.1_138_known	[gene=57A] [locus_tag=T4p138] [db_xref=GeneID:1258624] [protein=tail fiber chaperone] [protein_id=NP_049751.1] [location=complement(74407..74649)] [gbkey=CDS]
NC_000866.4_prot_NP_049663.1_48_known	[gene=regA] [locus_tag=T4p048] [db_xref=GeneID:1258694] [protein=translation repressor] [protein_id=NP_049663.1] [location=complement(29972..30340)] [gbkey=CDS]
NC_000866.4_prot_NP_049754.1_141_known	[gene=2] [locus_tag=T4p141] [db_xref=GeneID:1258799] [protein=DNA end protector] [protein_id=NP_049754.1] [location=complement(76061..76885)] [gbkey=CDS]
NC_000866.4_prot_NP_049885.1_274_known	[gene=ndd.5] [locus_tag=T4p274] [db_xref=GeneID:1258763] [protein=outer membrane protein] [protein_id=NP_049885.1] [location=complement(166815..166913)] [gbkey=CDS]
NC_000866.4_prot_NP_049700.1_86_unknown	[gene=nrdC.2] [locus_tag=T4p086] [db_xref=GeneID:1258742] [protein=hypothetical protein] [protein_id=NP_049700.1] [location=complement(48622..48936)] [gbkey=CDS]
NC_000866.4_prot_NP_049698.1_84_known	[gene=nrdC] [locus_tag=T4p084] [db_xref=GeneID:1258540] [protein=NrdC thioredoxin] [protein_id=NP_049698.1] [location=complement(48128..48391)] [gbkey=CDS]
NC_000866.4_prot_NP_049628.1_13_unknown	[gene=motB.2] [locus_tag=T4p013] [db_xref=GeneID:1258758] [protein=hypothetical protein] [protein_id=NP_049628.1] [location=complement(7661..8161)] [gbkey=CDS]
NC_000866.4_prot_NP_049627.1_12_unknown	[gene=motB.1] [locus_tag=T4p012] [db_xref=GeneID:1258611] [protein=hypothetical protein] [protein_id=NP_049627.1] [location=complement(7291..7650)] [gbkey=CDS]
NC_000866.4_prot_NP_049807.1_196_known	[gene=54] [locus_tag=T4p196] [db_xref=GeneID:1258631] [protein=tail tube] [protein_id=NP_049807.1] [location=121753..122715] [gbkey=CDS]
NC_000866.4_prot_NP_049844.1_233_known	[gene=mobE] [locus_tag=T4p233] [db_xref=GeneID:1258736] [protein=homing endonuclease] [protein_id=NP_049844.1] [location=complement(139991..140416)] [gbkey=CDS]
NC_000866.4_prot_NP_049830.1_219_unknown	[gene=cd.2] [locus_tag=T4p219] [db_xref=GeneID:1258734] [protein=Cd.2 conserved hypothetical protein] [protein_id=NP_049830.1] [location=complement(133031..133261)] [gbkey=CDS]
NC_000866.4_prot_NP_049625.1_10_known	[gene=cef] [locus_tag=T4p010] [db_xref=GeneID:1258628] [protein=cef modifier of supressor tRNAs] [protein_id=NP_049625.1] [location=complement(6267..6482)] [gbkey=CDS]
NC_000866.4_prot_NP_049696.1_82_known	[gene=49.2] [locus_tag=T4p082] [db_xref=GeneID:1258651] [protein=ribonucleotide reductase] [protein_id=NP_049696.1] [location=complement(47506..47826)] [gbkey=CDS]
NC_000866.4_prot_NP_049801.1_189_known	[gene=26] [locus_tag=T4p189] [db_xref=GeneID:1258552] [protein=baseplate hub] [protein_id=NP_049801.1] [location=complement(115802..116428)] [gbkey=CDS]
NC_000866.4_prot_NP_049665.1_50_known	[gene=44] [locus_tag=T4p050] [db_xref=GeneID:1258787] [protein=clamp loader of DNA polymerase] [protein_id=NP_049665.1] [location=complement(30907..31866)] [gbkey=CDS]
NC_000866.4_prot_NP_049846.1_235_unknown	[gene=nrdA.1] [locus_tag=T4p235] [db_xref=GeneID:1258707] [protein=hypothetical protein] [protein_id=NP_049846.1] [location=complement(142671..142997)] [gbkey=CDS]
NC_000866.4_prot_NP_049752.1_139_known	[gene=1] [locus_tag=T4p139] [db_xref=GeneID:1258557] [protein=deoxynucleoside monophosphate kinase] [protein_id=NP_049752.1] [location=complement(74649..75374)] [gbkey=CDS]
NC_000866.4_prot_NP_049838.1_227_known	[gene=alc] [locus_tag=T4p227] [db_xref=GeneID:1258715] [protein=inhibitor of host transcription] [protein_id=NP_049838.1] [location=complement(135772..136275)] [gbkey=CDS]
NC_000866.4_prot_NP_049667.1_52_known	[gene=rpbA] [locus_tag=T4p052] [db_xref=GeneID:1258752] [protein=RNA polymerase binding] [protein_id=NP_049667.1] [location=complement(32659..33048)] [gbkey=CDS]
NC_000866.4_prot_NP_049768.1_155_known	[gene=10] [locus_tag=T4p155] [db_xref=GeneID:1258808] [protein=baseplate wedge subunit] [protein_id=NP_049768.1] [location=88085..89893] [gbkey=CDS]
NC_000866.4_prot_NP_049836.2_225_known	[gene=pseT.2] [locus_tag=T4p225] [db_xref=GeneID:1258607] [protein=Rz-like spanin] [protein_id=NP_049836.2] [location=complement(135132..135431)] [gbkey=CDS]
NC_000866.4_prot_NP_049789.1_177_known	[gene=24] [locus_tag=T4p177] [db_xref=GeneID:1258587] [protein=capsid vertex protein] [protein_id=NP_049789.1] [location=107323..108606] [gbkey=CDS]
NC_000866.4_prot_NP_049660.1_45_known	[gene=imm] [locus_tag=T4p045] [db_xref=GeneID:1258553] [protein=immunity to superinfection] [protein_id=NP_049660.1] [location=complement(26373..26624)] [gbkey=CDS]
NC_000866.4_prot_NP_049641.1_26_known	[gene=mrh] [locus_tag=T4p026] [db_xref=GeneID:1258731] [protein=Mrh transcription modulator under heat shock] [protein_id=NP_049641.1] [location=complement(14191..14676)] [gbkey=CDS]
NC_000866.4_prot_NP_049651.1_36_known	[gene=sp] [locus_tag=T4p036] [db_xref=GeneID:1258657] [protein=spackle periplasmic] [protein_id=NP_049651.1] [location=complement(19758..20051)] [gbkey=CDS]
NC_000866.4_prot_NP_049695.1_81_known	[gene=49.1] [locus_tag=T4p081] [db_xref=GeneID:1258739] [protein=gp49.1 conserved protein of unknown function] [protein_id=NP_049695.1] [location=complement(47366..47521)] [gbkey=CDS]
NC_000866.4_prot_NP_049843.1_232_unknown	[gene=nrdB.1] [locus_tag=T4p232] [db_xref=GeneID:1258813] [protein=Nrd.1 hypothetical protein] [protein_id=NP_049843.1] [location=complement(139716..139967)] [gbkey=CDS]
NC_000866.4_prot_NP_049773.1_160_known	[gene=14] [locus_tag=T4p160] [db_xref=GeneID:1258695] [protein=head closure Hc2] [protein_id=NP_049773.1] [location=94555..95325] [gbkey=CDS]
NC_000866.4_prot_NP_049715.1_102_unknown	[gene=mobD.5] [locus_tag=T4p102] [db_xref=GeneID:1258558] [protein=MobD.5 hypothetical protein] [protein_id=NP_049715.1] [location=complement(58534..58722)] [gbkey=CDS]
NC_000866.4_prot_NP_049842.1_231_known	[gene=I-TevIII] [locus_tag=T4p231] [db_xref=GeneID:1258778] [protein=endonuclease] [protein_id=NP_049842.1] [location=complement(138593..138886)] [gbkey=CDS]
NC_000866.4_prot_NP_049650.1_35_unknown	[gene=61.2] [locus_tag=T4p035] [db_xref=GeneID:1258555] [protein=gp61.2 hypothetical protein] [protein_id=NP_049650.1] [location=complement(19132..19758)] [gbkey=CDS]
NC_000866.4_prot_NP_049795.1_183_known	[gene=segE] [locus_tag=T4p183] [db_xref=GeneID:1258802] [protein=homing endonuclease] [protein_id=NP_049795.1] [location=112057..112674] [gbkey=CDS]
NC_000866.4_prot_NP_049872.2_261_unknown	[gene=arn.4] [locus_tag=T4p261] [db_xref=GeneID:1258699] [protein=Arn.4 conserved hypothetical protein] [protein_id=NP_049872.2] [location=complement(162627..162833)] [gbkey=CDS]
NC_000866.4_prot_NP_049799.2_187_known	[gene=uvsY] [locus_tag=T4p187] [db_xref=GeneID:1258547] [protein=UvsY-like recombination mediator] [protein_id=NP_049799.2] [location=complement(114914..115327)] [gbkey=CDS]
NC_000866.4_prot_NP_049774.1_161_known	[gene=15] [locus_tag=T4p161] [db_xref=GeneID:1258573] [protein=tail sheath stabilizer] [protein_id=NP_049774.1] [location=95367..96185] [gbkey=CDS]
NC_000866.4_prot_NP_049740.1_127_unknown	[gene=e.4] [locus_tag=T4p127] [db_xref=GeneID:1258546] [protein=hypothetical protein] [protein_id=NP_049740.1] [location=complement(68301..68693)] [gbkey=CDS]
NC_000866.4_prot_NP_049701.1_87_unknown	[gene=nrdC.3] [locus_tag=T4p087] [db_xref=GeneID:1258543] [protein=hypothetical protein] [protein_id=NP_049701.1] [location=complement(48933..49859)] [gbkey=CDS]
NC_000866.4_prot_NP_049727.1_114_unknown	[gene=vs.3] [locus_tag=T4p114] [db_xref=GeneID:1258747] [protein=Vs.3 conserved hypothetical protein] [protein_id=NP_049727.1] [location=complement(62800..63078)] [gbkey=CDS]
NC_000866.4_prot_NP_049692.1_78_known	[gene=49] [locus_tag=T4p078] [db_xref=GeneID:1258702] [protein=endonuclease VII] [protein_id=NP_049692.1] [location=complement(46382..46855)] [gbkey=CDS]
NC_000866.4_prot_NP_049670.1_55_known	[gene=46.1] [locus_tag=T4p055] [db_xref=GeneID:1258639] [protein=DUF5487 family protein] [protein_id=NP_049670.1] [location=complement(34981..35187)] [gbkey=CDS]
NC_000866.4_prot_NP_049724.1_111_known	[gene=vs] [locus_tag=T4p111] [db_xref=GeneID:1258658] [protein=valyl tRNA synthetase modifier] [protein_id=NP_049724.1] [location=complement(61386..61733)] [gbkey=CDS]
NC_000866.4_prot_NP_049725.1_112_unknown	[gene=vs.1] [locus_tag=T4p112] [db_xref=GeneID:1258653] [protein=hypothetical protein] [protein_id=NP_049725.1] [location=complement(61726..62271)] [gbkey=CDS]
